Music/output131013153117.wav,0.15273003454161779,1.2529163529896017,0.60743506143318282,5457.6031949790513,2892.0119420606438,4075.988635740699,461.14804569823849,Music
Music/output131013153132.wav,0.15350689226360265,1.6029817989563435,0.60908695995165774,5244.6710823706053,2191.1407864816656,3983.0284417872222,492.80884805333335,Music
Music/output131013153308.wav,1.041941059772902,3.2798976521346073,3.8923286135867436,8614.6875751899497,1455.2197329697638,4135.5713474036556,1789.7504706670734,Music
Music/output131013153344.wav,1.056613142160219,4.0057339588225309,4.2265101698181278,6539.0644055754819,1882.8615604398444,3792.841179454666,1188.8767767498739,Music
Music/output131013154350.wav,2.4692178334979764,6.7092863405846774,11.087374103944091,5911.5419874065228,2014.4703943837726,3739.8189734351645,708.81940592803119,Music
Music/output131013154416.wav,2.1510960624256494,8.8960301071775003,9.7009474392227659,5309.2145690204352,1838.7706341123462,3246.761349252467,633.80650156128979,Music
Music/output131013154455.wav,1.5787301019547304,2.3526705475266576,7.3604173931676655,5073.1742051117144,2454.4720527607187,3653.5423245267775,524.37245143932569,Music
Music/output131013154542.wav,0.84569773776973811,1.2925320314332014,3.4655126427678793,6909.7002988121949,3054.7713512731302,4674.1526579228585,781.5342267220492,Music
Music/output131013154603.wav,1.8360559491790174,4.3303879900674227,8.5922233692655468,5277.2182060552341,2476.9975052466498,3771.5924994806123,517.54224198209113,Music
Music/output131013154722.wav,0.96092358630009289,2.6075602174562262,4.7458632132141361,4404.7438282569392,1828.3064515361118,2997.6106560584649,561.97171374749951,Music
Music/output131013154738.wav,0.63109472842357439,2.2131423123895013,3.2255408579632445,3961.3379708817733,1399.3779108376816,2727.2763778920794,467.24130334127688,Music
Music/output131013154754.wav,0.87169455882631164,1.2538349218598079,3.6732506797480649,6223.1515206086124,1645.2525190472666,3983.7192230282344,1073.5044395726727,Music
Music/output131013154858.wav,0.4906165097380728,1.1121579828016441,2.243900144213987,5692.3481354061441,2005.5703529592076,3191.2232980966119,715.66370038584307,Music
Music/output131013155116.wav,1.0925574889929108,3.9044987694250857,4.9060413766480586,6448.609308968983,1667.3635330186225,3687.8612290525753,1004.4703920033251,Music
Music/output131013155313.wav,1.7942322602958636,3.9874783179186282,8.2234463058658065,5516.3186224816136,2015.1940212518728,3660.0289850261784,669.17536956810545,Music
Music/output131013155325.wav,2.0492354561613317,3.5164727938460238,9.7779419417166373,4870.0859624146042,3020.1372890079492,3812.9353605944561,308.06900332530239,Music
Music/output131013155408.wav,2.0394331632261036,2.3243310745721835,10.335568297951632,4800.433351065044,2648.0280745644109,3325.6028550707042,419.71189379914631,Music
Music/output131013155442.wav,1.8095801353145098,2.4114511587502001,8.7451188371966708,4775.5095848769861,2495.9282137359169,3535.4098909465488,489.07592070874301,Music
Music/output131013155501.wav,1.0717805203743636,3.3142542576246572,4.7674788965466837,4753.1094331955674,2082.5055642529333,3507.5774109519803,470.33678105946194,Music
Music/output131013155527.wav,1.846595729605345,3.3309873155102978,8.2492965934918345,5647.1620148052771,2257.7862750282657,4158.8112538384703,730.87102814988805,Music
Music/output131013155544.wav,1.572100549283338,3.1351142553538471,7.2559227705261176,5177.600983930367,2519.6845324201713,3661.7418392657883,470.38746424037078,Music
Music/output131013155633.wav,1.4511474276934664,2.7013970604289774,6.636853605091682,5974.730773500959,2464.7808641635083,4103.7975929454196,689.26414721626406,Music
Music/output131013155650.wav,1.9739856608122737,4.328687235755595,9.2076351359574105,5574.4502326888951,2777.3343586748897,3908.2645574236176,496.48381848117378,Music
Music/output131013155719.wav,1.8659017464841083,3.2250553642723303,8.9208059979579648,4912.8918677611782,2752.9490720744757,3580.3671706954824,443.90207659480637,Music
Music/output131013155736.wav,1.4604015715484546,4.3670552300461996,6.4749282199008,5631.4450629280145,2219.6866065393874,3676.3304300121717,840.56434119588698,Music
Music/output131013155752.wav,1.5745628228545616,2.2701029393091217,7.7329430784994946,4680.7374512049992,2396.266649011407,3338.2291029823414,431.09558616193948,Music
Music/output131013155832.wav,0.91878631355615492,4.8528866015235295,4.287491719450002,5424.8676600687486,994.44845406218678,2733.3197384227819,960.75353820351359,Music
Music/output131013155850.wav,1.153512717140506,6.281979841893234,5.2199724121110611,7236.3921381508253,981.00002202227324,3335.7894168711864,1442.5310268842404,Music
Music/output131013155919.wav,1.694392254528982,2.9981765952501078,7.402454390800763,8628.8697708322361,2294.6657930133483,4022.1682473897058,1039.3164390350239,Music
Music/output131013160025.wav,1.3588272133358128,3.6698278648366398,5.6784786013704727,7172.677300945672,3242.0280441394184,5024.5852287277239,780.71155974213355,Music
Music/output131013160110.wav,1.4088861354217204,7.7851709070323283,6.657494716247947,7576.9264315388737,1119.9794267513494,2882.6585120539235,957.61558797805367,Music
Music/output131013160613.wav,0.1820836657409638,6.463550371594061,0.59532953682326772,5866.2528753156048,959.62943889323719,2368.3521492389091,695.29648041929011,Music
Music/output131013160647.wav,0.35084252898663842,10.839623156352118,1.2212411619410688,4198.0097933622319,911.1579208750361,2718.7209902669942,707.84759252467848,Music
Music/output131013160707.wav,0.17097551995769941,3.4233022983867438,0.73983789489381679,4282.6895168164428,1211.4377321770294,2623.1374147232582,775.58532853474901,Music
Music/output131013160719.wav,0.31685981183743378,8.9522589856774974,1.1718690449913893,4526.1317323778985,1079.8181176481148,2308.1240097091113,611.71527293610586,Music
Music/output131013160819.wav,0.56647697340119041,14.867250866475105,2.2132468144140787,6369.7251952284641,762.36479693906278,2484.9261703491361,867.73945690567734,Music
Music/output131013160858.wav,0.66357774345214793,22.662081142066803,2.2714904956703252,5566.648587762631,623.80165514377245,2637.88584347092,1005.5465658665711,Music
Music/output131013162026.wav,0.098017188969073424,5.715449471191099,0.23485222624524149,3561.7144288624377,614.64905723046434,1946.6224677179698,736.11973366910547,Music
Music/output131013162033.wav,0.21980078459863034,7.8501027798735095,0.8025708846030547,3826.0299910966746,607.19899569082395,1931.5038930428182,632.34268372191514,Music
Music/output131013162041.wav,0.1851254851025709,7.3989799679794173,0.59424138526905934,4409.6965378491386,513.75786898703655,1996.2993008005244,728.05555377446842,Music
Music/output131013162239.wav,0.45777541448987025,11.783386521044765,1.7415347492347788,6487.6836388594329,1024.6317783852173,2594.1532947457922,1122.2068990461285,Music
Music/output131013162250.wav,0.42063152453683994,9.2620144268908025,1.6047476645519616,4999.6123795321364,832.46090726917748,2681.474272113408,787.84292919207098,Music
Music/output131013162300.wav,0.45530657226036719,10.751278331347281,1.7173701902359639,5170.3612765232911,821.8270434148684,2733.2020623286785,815.19866547701452,Music
Music/output131013162332.wav,0.50505994739161753,10.17005208638575,1.7880570006762588,7918.9140899667154,1309.9832837916956,3257.0781755006606,1146.543765434938,Music
Music/output131013162356.wav,0.4680455355531612,10.719189665729454,1.7659674993844969,5124.6021868958505,712.66809266982443,2696.5038932094953,760.41407599351874,Music
Music/output131013162424.wav,0.5591248941379201,16.563552083552167,1.9663545165683789,4170.2835631964836,843.11900457070385,2410.1476470097432,638.70517641216657,Music
Music/output131013162445.wav,0.47678992585080765,10.095434565261831,1.9328058279914182,3663.5846389572534,1105.740688970659,2369.3540022757543,525.18053278721629,Music
Music/output131013162501.wav,0.3734639379622694,7.7658665821525004,1.5378738603680773,5842.0371540732185,756.28742090915705,2381.9753016594718,762.71068065362294,Music
Music/output131013162520.wav,0.41126102256201835,12.196363453402023,1.5716388460773494,4231.8527513730005,558.78500918669761,2051.9881648696828,638.26023059885665,Music
Music/output131013162555.wav,0.61905608826781722,24.188783496392439,1.9349644135100414,3473.0907016644592,851.66599128155462,2150.1288413255224,564.32813472641794,Music
Music/output131013162602.wav,0.58244958332397956,18.259447593771057,2.0109872621379954,4058.9530445584046,933.21545224563295,2292.8459817384532,702.69347981632484,Music
Music/output131013162702.wav,0.81230942644823156,22.7105503024437,3.0198770901575824,3837.4748499567431,561.52083830940012,2442.1865361521736,587.96370498689896,Music
Music/output131013162839.wav,0.59887929450655075,16.665523191873977,2.2334792341145753,3679.3096905584703,904.80701895933942,2233.3021897094586,558.29123442322339,Music
Music/output131013163020.wav,0.68045841397579043,18.341646293239783,2.5441496247718209,4554.4244901493785,924.09814428657444,2572.0223432120738,671.79179525998541,Music
Music/output131013163213.wav,0.91498802043537097,24.732283498833223,3.3698725222990453,4061.0830047118179,504.06746275291169,2430.3945435488054,727.1325221256958,Music
Music/output131013164724.wav,0.79463978982208461,25.815652079517591,2.6767989044193468,4027.333186703202,710.6066451177843,2419.4039308244851,636.27263335904934,Music
Music/output131013165353.wav,1.3100253766978895,26.781599735692009,4.9512251565801657,5493.4536299763695,838.23277871579535,2731.7939192216936,785.32529604655895,Music
Music/output131013165400.wav,1.3730613079362719,26.625180347667627,5.2651323148092093,4894.8784317449608,1181.5849218354288,2767.7720663013215,631.28736533466326,Music
Music/output131013165430.wav,1.3456470105676548,26.022738598945498,5.2114910298480703,4792.8276362757579,1029.4915242408811,2683.4682523247257,717.15975594633585,Music
Music/output131013165454.wav,1.3655255322499695,28.605906625172796,5.2534373655270405,3999.7242438185513,1598.2537387562893,2670.5198405866349,497.87275906932513,Music
Music/output131013165522.wav,1.1959142973785679,28.157093181096378,4.4334474391294423,4038.0026146467894,553.8552872584911,2514.3746881108104,706.83889913865403,Music
Music/output131013165543.wav,1.4507094225174246,29.149654315901028,5.4403060107332308,5591.5171703467859,1226.3470298264449,2995.9299816110447,725.5309326190918,Music
Music/output131013165618.wav,0.47809031395492257,7.6646448652657551,2.2218647313002235,3701.4657242481248,818.90841718049819,2103.0914779880745,634.41994764340177,Music
Music/output131013165736.wav,2.0305618171170297,47.996878524970072,7.990047251699993,3723.2939041644727,1289.8979589551932,2540.1142447333514,509.86589939336358,Music
Music/output131013165947.wav,0.45471977813293313,26.524436666524466,1.134839073802236,3482.0450064515085,458.55839811951353,1651.8478490919738,773.57469876945345,Music
Music/output131013170019.wav,1.3501358365153404,26.245526346475778,5.2862794253429817,4771.140407273484,1275.9096110633361,2853.147502237432,688.97829367669931,Music
Music/output131013170042.wav,1.5662880133742991,31.137706486386914,6.1672803640794536,4088.0880279188368,1654.2997887478939,2713.8809299609102,499.75742706222792,Music
Music/output131013170345.wav,1.549440402762537,26.205548690878501,6.1196158083936947,5862.3085549168445,1647.1438788287746,2989.2860524374391,805.64397306558976,Music
Music/output131013170416.wav,1.5768694521133633,29.75910320074917,5.9795057049888465,6143.1903807038152,1240.8481356214922,3274.3256871545245,941.61058004227698,Music
Music/output131013171009.wav,1.3160249843153906,29.370470887270759,5.3719895070842663,3665.6966522969719,1535.3054040613169,2479.8138892854472,396.78791233407077,Music
Music/output131013171021.wav,1.4003578817819282,27.974776628532766,5.921063922192368,3631.3747809116308,1550.7656244495363,2427.4495603335658,404.00271892484125,Music
Music/output131013171036.wav,1.5136361539794325,27.692011075961481,6.4719677871522476,4240.4234032777504,621.79077188743861,2522.3386485806518,782.23199615566352,Music
Music/output131013171047.wav,1.9149235800343825,38.557095175483511,7.7888779522549392,3846.0941068130037,1100.9495022532508,2512.3938959375191,581.48162255645002,Music
Music/output131013171110.wav,0.33746861391026145,8.3358394768889283,1.3398520707319272,4057.6361975826962,773.15732310153942,1976.2370883859046,672.91874704094607,Music
Advert/output131013154320.wav,1.5242217966146376,10.909561428126398,6.97356208572391,5275.5246561786007,1612.2106388198679,3025.3189028295351,657.52420772661958,Ads
Advert/output131013154646.wav,0.52446911013130837,2.505876246977079,2.473335102607308,11003.508771929832,1203.8118272303554,3771.0841806632156,1555.9802046510401,Ads
Advert/output131013155338.wav,2.3711316700734524,6.8973268726075139,10.54064127343066,6639.6427816305868,1928.1397371424177,3869.3771899017038,832.95407707079062,Ads
Advert/output131013155347.wav,1.8261885627488079,3.4133566441460035,8.7176623703265879,5503.8262617808623,2317.2845185397014,3641.542163416224,743.96843114690978,Ads
Advert/output131013155401.wav,1.731980112334403,2.9172446272356742,8.466306138107365,5606.714323638249,1938.5523185252266,3258.8144671022437,692.1595193061986,Ads
Advert/output131013155841.wav,1.4337606009971862,5.9166162119572681,6.3871787535809421,7098.7828859249394,1076.3391505285297,3495.2389235352307,1253.3701185595044,Ads
Advert/output131013160654.wav,0.36580828554351713,17.340149747430289,1.054896406794275,5433.0517053719559,619.69071374128157,2511.9212473494367,1062.5126192465361,Ads
Advert/output131013161255.wav,0.62923468183184339,22.695627794575866,2.0659229453099037,6549.5433854496296,567.47179183272385,2695.7786407429962,1002.9652207167036,Ads
Advert/output131013161305.wav,0.58761771946578045,16.743711317164106,2.09894806319575,6334.8423147079675,1030.8094358282042,2840.1016799501936,881.63491113252257,Ads
Advert/output131013161312.wav,0.5717462568836631,17.469225231012491,2.0182046055682408,6891.6037603683162,728.56156461325008,2647.9388075497991,1221.243982371594,Ads
Advert/output131013161318.wav,0.5288332028708409,12.034996797724926,2.1237005073377615,6573.0692757424185,828.6426248365118,2597.5109079995632,1155.8205327257776,Ads
Advert/output131013161324.wav,0.60370404880786643,14.775952874500732,2.3307346939185103,6543.289658703502,872.86968847346282,2734.1509837887234,1044.2904685220788,Ads
Advert/output131013161332.wav,0.50215705399002408,13.987151822401128,1.9189284735801366,5211.9985035692689,780.14574997988166,2394.2016311521866,812.35890607988495,Ads
Advert/output131013161337.wav,0.57383364479352283,19.962090335819646,1.926692166617157,7701.0785618062309,527.10782523893261,2768.3788758850965,1021.0293465825837,Ads
Advert/output131013161342.wav,0.62109717376287155,18.749463617848363,2.2126415601192067,6696.764831137878,615.1851211115021,2782.5416908364386,1129.0547318515949,Ads
Advert/output131013161347.wav,0.61285283517319278,24.225048865249377,1.9284921132207222,7128.288993329782,580.20967515924747,2764.0848745385229,1120.4954680783846,Ads
Advert/output131013161352.wav,0.62333305361910729,25.007879174246796,1.9063494071931542,7964.4516241448309,541.83439069944302,2992.1033894506054,1348.5648212599597,Ads
Advert/output131013161358.wav,0.63234783523803573,21.585175931918958,2.1781977653561011,8063.3290349065164,398.10516863939523,2652.4541689049051,1338.943378495881,Ads
Advert/output131013161406.wav,0.65300202700038135,28.797779033418447,1.8757951150001904,8098.1288605286036,570.11500111809494,2757.6146379049587,1184.4204200234706,Ads
Advert/output131013161411.wav,0.62686854382657853,22.888965503915827,2.0324186147021832,7741.9045651940869,767.75870398741256,2881.2101270675676,1299.3860595607912,Ads
Advert/output131013161421.wav,0.62439929562887875,21.873554646438109,2.0783051140374149,8043.0981951347212,359.29166335370411,2799.3411354108439,1441.256234194743,Ads
Advert/output131013161426.wav,0.6394644457262626,26.81309917160711,1.9012198811867287,7653.8624010655885,643.07550585066417,2886.3175358054173,1178.7426705057776,Ads
Advert/output131013161432.wav,0.58652421019898482,19.20804032697967,1.9929283648037446,7673.4667956769117,635.5928804609124,3103.5411188961225,1414.9061834300981,Ads
Advert/output131013161437.wav,0.63256850697502842,23.341610900937805,2.0509021248783186,7123.5992735040109,886.22063627360285,2892.0665366761423,1263.4745151437039,Ads
Advert/output131013161444.wav,0.52469556327755484,16.827881577884618,1.7547586070616101,4935.0829047995649,749.33155727683459,2549.5388520436541,872.71143853381761,Ads
Advert/output131013161452.wav,0.53306851307942027,17.770161183745131,1.7410357354234458,5686.5378784530903,834.97873300737149,2691.0089367085434,998.66473609445688,Ads
Advert/output131013161501.wav,0.57434631917303158,19.200721596382447,1.8335987942548584,5952.9140198202394,908.43529995826782,2764.8645205496118,1033.3690036681048,Ads
Advert/output131013161513.wav,0.64686225178752943,15.182568342538337,2.55645369656553,5904.1373201057804,1068.3658147217677,2545.1269654731855,761.16407925369685,Ads
Advert/output131013161522.wav,0.66576711306751113,16.701497186798338,2.5430885059219195,5565.1970266126718,1061.3051800077037,2739.5803357706054,838.22889183656275,Ads
Advert/output131013161527.wav,0.49593388153868345,12.048319895035961,1.8701221033228868,4965.4201029130782,1371.1171716128854,2899.9988646684374,659.9591475973981,Ads
Advert/output131013161539.wav,0.66917460205287171,32.588274995815119,1.8763971199261762,5440.2055933087995,658.61232895942123,2557.4366759636746,948.39254845024163,Ads
Advert/output131013161546.wav,0.64043807719822676,28.380107758753297,1.8761120367461925,4891.7204494140897,702.56566724596678,2509.6175659311898,868.76152719635593,Ads
Advert/output131013161555.wav,0.64821025993419823,28.201582587442413,1.9461215680467423,5634.179985517515,386.63403890039592,2472.2818045655995,896.31199992974734,Ads
Advert/output131013161602.wav,0.66965258432947239,22.97410793944043,2.3326151871080496,5458.2829420248572,972.65532721477246,2495.6110455322214,731.65283341334293,Ads
Advert/output131013161607.wav,0.68229298211617695,23.655679374399764,2.3390557768256359,5190.1750204989148,656.60560361409853,2715.5294873269713,901.31604714906871,Ads
Advert/output131013161612.wav,0.6963930322799835,26.598107743829566,2.2680208403309603,5258.3644285968858,998.48471223947001,2572.6575391182719,734.69396247270413,Ads
Advert/output131013161652.wav,0.59090947029200236,25.737746051181745,1.7764864739320523,5965.844147656243,731.23929242697454,2620.2026306938587,971.87875114697488,Ads
Advert/output131013161705.wav,0.59381912917686097,23.658391434821066,1.8703380594339793,5575.3079412484485,551.45004433470353,2550.6129787684736,904.12065574592145,Ads
Advert/output131013161717.wav,0.55433248579765304,20.964693235976828,1.8088929338575372,4939.0027236910473,952.67766499732363,2522.344951163629,820.5747349924419,Ads
Advert/output131013161722.wav,0.48161989671461258,17.251553514097616,1.6262263940393318,5327.317880891007,744.72496129428907,2608.8549626083677,887.45820153565774,Ads
Advert/output131013161730.wav,0.45594811046028477,14.950361731735784,1.5693907384341534,5300.6162841045225,617.60446467312636,2768.3983480945581,974.50059345272064,Ads
Advert/output131013161737.wav,0.58589586063249532,19.995705871570507,2.0172925326895292,4767.0473764165026,711.38564300537143,2336.8067052392203,798.56796686176176,Ads
Advert/output131013161746.wav,0.61223668366314632,27.682707987795112,1.7270461516931996,5211.6165521675985,590.24547296935657,2392.5144160380605,806.31348914994999,Ads
Advert/output131013161753.wav,0.64822353666874832,28.994573381518226,1.8607967097504432,4681.2176280479425,750.9122630464766,2363.1628180146067,841.81983717386083,Ads
Advert/output131013161801.wav,0.58967929140353881,23.28405209565015,1.8918714113161443,5262.7078123484871,552.1870842466551,2448.8369667599964,870.99028387977182,Ads
Advert/output131013161812.wav,0.67432136811440391,32.90081925001067,1.8388715026444635,5711.6810528125652,837.67824536651915,2344.6123649492965,776.90229195482073,Ads
Advert/output131013161818.wav,0.62358682475508298,29.757481904657819,1.7234699011748862,5199.6885120758079,627.42200760480716,2339.5518630853803,995.50726604829163,Ads
Advert/output131013161833.wav,0.61032476333395336,28.677708537157795,1.7131096666019368,6058.4480480214297,600.60295844188022,2549.4519732862082,1122.989166638537,Ads
Advert/output131013161839.wav,0.5758982784528206,20.171701524068183,1.9430276767482819,5643.9332176803691,757.03035792723949,2595.1326451834479,998.07666894817419,Ads
Advert/output131013161845.wav,0.68943522772392407,24.838606953827529,2.3639149883422954,5334.1037679262017,791.38379227242876,2192.5421137732178,826.21047783668973,Ads
Advert/output131013161853.wav,0.58501999629233603,20.347122427661514,2.0539959284249338,4938.2502247978282,754.00318505068151,2412.8055547310541,901.50350522281826,Ads
Advert/output131013161904.wav,0.62104258405304003,25.053105122133232,2.0101211406094603,4555.1982823761846,797.85577672994498,2340.0188835449894,772.04630535835986,Ads
Advert/output131013161916.wav,0.6523323799316304,24.151702801053386,2.1995351840249886,4958.1350744227066,673.58623320994423,2252.5288304725323,840.44239580740509,Ads
Advert/output131013161934.wav,0.62539683056675222,22.557835652424089,2.1373280390610265,4738.1592776585494,890.18053934382942,2328.1890277976945,884.23472419688107,Ads
Advert/output131013161941.wav,0.5836420595861076,26.926533540257438,1.6785215573691197,5018.203639014554,558.72674415393442,2405.0721770777968,925.53861943326194,Ads
Advert/output131013161951.wav,0.57707166022548195,23.682651690101665,1.766778146252401,5123.5371639621744,572.65769810445227,2504.5602934482713,853.68518465788804,Ads
Advert/output131013161958.wav,0.47952341934053982,14.710399859183839,1.7138490961965724,6976.0035441849432,1142.4509141740575,2699.8028005837109,699.97364226515731,Ads
Advert/output131013162412.wav,0.32387192487098082,9.8101572913988928,1.1655054972362493,5320.0449300205728,728.66543147224127,2564.7386851014853,875.46091874853835,Ads
Advert/output131013162848.wav,0.54808129698595887,25.708017883186184,1.596874943374921,4825.0388067061085,657.60007552901891,2268.6039296318654,889.52951142972256,Ads
Advert/output131013162902.wav,0.54661775416045544,21.476385594149885,1.8782072834829289,4426.6080488999905,651.24297606746427,2070.994612303929,818.2120314635464,Ads
Advert/output131013162908.wav,0.58547431769218572,22.177130818301872,2.0298561900956358,5616.246443666656,454.00058225388426,2250.4350105197732,1066.3994792308677,Ads
Advert/output131013162919.wav,0.51160039187273432,19.571355290000756,1.7277156627725589,5632.0815332479742,788.91578384589673,2353.6053070266648,1017.3774715836952,Ads
Advert/output131013162926.wav,0.55429591038900983,30.043666186766853,1.5154072676294243,3948.8858442682676,495.91265532366475,2039.2298498631865,819.81703676160714,Ads
Advert/output131013163406.wav,0.89646326693257583,31.269344530253466,3.031504137937453,5933.7651358010808,622.19867759135377,2678.4630934802535,1101.8167825398737,Ads
Advert/output131013163412.wav,0.86379137114516147,29.042462462371667,2.9937592954413232,5726.1336375480996,805.1692016927567,2621.4957148910767,1079.1818126481089,Ads
Advert/output131013163419.wav,0.81059418071341394,25.108370449048877,2.8596584073537308,5795.7657341033701,712.12536794445941,2585.3205799052557,944.14020954894966,Ads
Advert/output131013163426.wav,0.91807384249373691,30.758290020731096,2.9838268966075923,6431.9270519524516,914.10826339681125,2774.6855362005222,1120.1118835905515,Ads
Advert/output131013163456.wav,0.90874518767362156,32.951134837106778,2.9647715253427576,6372.9380582100976,639.1372037379756,2632.9598774410101,850.98886812157627,Ads
Advert/output131013163516.wav,0.86251879254676089,25.089845909878061,3.0790397002028151,5253.9822065630115,985.30889399001262,2505.8358495868533,774.72290857939674,Ads
Advert/output131013163522.wav,0.742653546501991,19.483096419609563,2.7193741783755905,8585.662607613549,609.12384152150537,3169.9765923577675,1448.4072584854953,Ads
Advert/output131013163527.wav,0.80735558569966448,18.400997103602926,3.0202502223023231,8249.7224069555905,660.92603839243952,3479.5637401056965,1819.2681748126965,Ads
Advert/output131013163534.wav,0.86143579903642931,22.89182218546787,3.1979267297987022,6773.9757548084535,672.59469381093481,2674.3728884842731,958.22723812129209,Ads
Advert/output131013163543.wav,0.88599573335900061,23.173485290532405,3.3354091209729275,7285.4761000875005,824.62676989487511,2839.4765943678594,1141.0729785095355,Ads
Advert/output131013163553.wav,0.94623779955565024,30.306189236194523,3.2196262693199098,7584.5146102777026,843.20224819113241,2793.5904638072998,1248.312413596831,Ads
Advert/output131013163559.wav,0.7524275024400191,20.57350534723464,2.7884830152326101,5275.90754364034,752.608346539276,2623.4722016232163,835.35930857463768,Ads
Advert/output131013163604.wav,0.77251245223494569,16.989187123545044,3.0534677639406467,5574.0002005665519,1125.0160813452546,2834.6134001320638,962.14659750224689,Ads
Advert/output131013163612.wav,0.85417829465610795,26.449566676328253,3.0487700448295025,5029.4243745991689,740.54796495317282,2487.6954396784777,842.21091471644979,Ads
Advert/output131013163624.wav,0.96533207763882412,30.486506622876053,3.2481492718579306,6881.3336489512221,995.31554570562685,2664.2520821900976,992.65509975249279,Ads
Advert/output131013163632.wav,0.87335269045706254,22.214836969236195,3.2376526404451385,6489.0762571746518,901.33353942842587,2711.0743086152302,831.15826141457546,Ads
Advert/output131013163643.wav,0.83647794077498316,20.245081842963568,3.0767944855625093,5819.633700383054,1072.1795080373572,2865.2166551697496,1010.5044485517971,Ads
Advert/output131013163653.wav,0.84184630865184917,23.425728632549482,2.9366295034537471,6651.90538061196,1324.3507693549432,2890.8276481488206,1166.2634545451865,Ads
Advert/output131013163709.wav,0.81210416764370164,22.777486736444729,2.9026870281418873,5911.6934333246381,913.27205533553968,2666.5545734943339,847.95774839322667,Ads
Advert/output131013163724.wav,0.87427823603400201,21.280037812479485,3.3306899154790774,5249.4131234254655,981.84579105056241,2792.1198319012792,924.59358926791776,Ads
Advert/output131013163734.wav,0.93527981633395441,23.522653432211531,3.4887420201922015,5421.2418426730155,1222.1450558859592,2699.2028147805709,957.5766918069952,Ads
Advert/output131013163739.wav,0.78237197380592871,17.865975618974655,3.0122398048800254,5726.3355830816099,1042.6588774563256,2738.3918840915053,954.1536946510663,Ads
Advert/output131013163747.wav,0.92305062846791897,24.306359184823172,3.445489600525852,5449.1695666696314,1037.6980058047061,2526.696587227827,850.16834668432375,Ads
Advert/output131013163804.wav,0.90801633770694812,25.028288760514766,3.3929626706737568,4895.8641036119998,810.99785193112325,2431.0378535153495,774.70960191182257,Ads
Advert/output131013163820.wav,0.85357632527163574,23.038167289471343,3.0601346268850236,5314.4708306129205,702.19097113120245,2938.4916365856875,843.31401953816476,Ads
Advert/output131013163825.wav,0.81871321483417048,21.677086811551071,3.0097293446788709,5543.1134745034469,821.20136231342224,2919.9878775462466,798.28831177973109,Ads
Advert/output131013163837.wav,0.84556617641446585,19.243188585332113,3.1658492592880743,5752.9045245332618,872.06889049799383,2954.8513749751646,929.90773030281605,Ads
Advert/output131013163846.wav,0.79325076892541369,22.566114209327548,2.6414127999575028,5688.6966410995929,1226.1176936783215,3220.6434837351126,1024.6816705921656,Ads
Advert/output131013163855.wav,0.75323985481110733,27.028208332982221,2.3773234557847642,4921.519234573042,534.24337647655852,2306.5495014794719,1025.8501998962477,Ads
Advert/output131013163902.wav,0.73743683902533586,25.522368479342653,2.3821928285878382,4683.5760376694152,546.55636638198371,2416.0263933366405,917.83856009729925,Ads
Advert/output131013163907.wav,0.72431100532171311,21.23801061352362,2.4829957439835662,5482.1177394844144,556.72597836466082,2457.4914674462175,957.41815472519659,Ads
Advert/output131013163913.wav,0.58193143571135375,13.399200437883815,2.1527618412891005,4976.3967674593605,958.46363515031442,2665.8184387603646,907.58041697492217,Ads
Advert/output131013163918.wav,0.68316990992257476,18.511158399738147,2.4010792993199415,5990.8066313399513,1183.2097298770138,2965.0385994013,902.23426811974571,Ads
Advert/output131013163929.wav,0.77429433698831662,21.017824422656453,2.8430264494715392,5688.7522674079664,1140.6504942739225,2744.6510664371103,803.06872230614363,Ads
Advert/output131013163935.wav,0.80856506785271876,18.430862872535965,3.1354302979309749,5586.9395759558283,1459.1236664554424,2771.4416264598822,633.66523256798507,Ads
Advert/output131013163940.wav,0.73725800899106986,9.6908156015009776,3.1041911596890048,5903.365076060677,1001.7244461025603,2839.3710121768022,909.35366183589667,Ads
Advert/output131013164405.wav,0.87772104166372189,37.884119965154326,2.5924240633051818,5938.5524017735434,518.272064037056,2316.0615605912444,972.04660079526138,Ads
Advert/output131013164412.wav,0.91463940300043356,47.689345802768884,2.4509058417864198,5085.6648572474969,416.2965760198839,2203.5667665985156,753.33866206402706,Ads
Advert/output131013164422.wav,0.93041097160007558,43.054089294129625,2.7025009177227401,5426.6997138431807,507.17409944303961,2329.0269884277009,962.8218413256991,Ads
Advert/output131013164434.wav,0.79475177387336782,31.761816437231765,2.4571872141340561,4828.6692133081942,465.38709906035416,2177.5702206039441,844.07203389288338,Ads
Advert/output131013164444.wav,0.72756432772584556,31.915931087234959,2.099496768479769,4598.3349987281326,456.77200268120924,1994.5198847867443,776.64640206029298,Ads
Advert/output131013164449.wav,0.59705691038483721,23.322136025722372,1.8260357215949974,5795.4540464940928,517.84093590320026,2379.1597331471689,949.59407690134731,Ads
Advert/output131013164457.wav,0.71925062388717986,37.796602197778277,1.8064585506123065,5591.4512288678197,513.08985328599613,2364.3479587798033,1052.5060609017451,Ads
Advert/output131013164505.wav,0.73228162890762771,32.126193277181166,2.1969100336177227,5217.4935745257981,420.99336190526441,2203.8223023065307,1009.4773426023893,Ads
Advert/output131013164522.wav,0.95512910275571072,38.628494585099958,3.0616998923903198,7572.0523210902611,660.45716369029242,2560.2124306208329,1218.9219477671845,Ads
Advert/output131013164539.wav,0.98984807488694326,35.034277688908325,3.1442550478422104,8546.0118784394053,812.28758935732276,2575.5413294719569,1005.9622379476166,Ads
Advert/output131013164552.wav,0.91820754835350005,33.677247204379597,3.0705699629607386,4463.9172709395798,848.80969463257202,2452.5522053148788,746.59409135385602,Ads
Advert/output131013164558.wav,0.86807124160960214,30.427396379911528,2.9670237819057697,4273.9563933247755,816.55817264774566,2389.0746770387345,777.98483657167139,Ads
Advert/output131013164603.wav,0.741220746517392,21.807267380321051,2.7106231734204718,4750.82916717649,940.48061880621765,2579.1859191787426,748.99035087285631,Ads
Advert/output131013164625.wav,0.95285664316830676,32.552061348330227,3.1014324678047753,4411.8277536572587,861.983696603726,2440.8643213584255,726.29160352897247,Ads
Advert/output131013164631.wav,0.81064097712810901,30.60441151252984,2.6866571168533953,3618.941869098514,944.53331446712343,2299.3170436402384,580.03560644209517,Ads
Advert/output131013164636.wav,0.81873978023938676,24.32821276856366,2.9315204438223468,4549.839855109004,808.99371325961249,2802.1108893405581,818.31678424721235,Ads
Advert/output131013164641.wav,0.53783158896185213,22.036794512720274,1.6064147612563391,6019.4265960924286,384.7308271426183,2397.8601544761482,1097.0412083425638,Ads
Advert/output131013164739.wav,0.58886832911169285,24.190681143417233,1.8932024557440295,7652.9800287021781,456.19698963829273,2554.4165213798155,1333.022610066929,Ads
Advert/output131013164752.wav,0.87920360089738669,26.160496377694287,3.1233996598370468,5782.4741786387358,768.95324851625935,2657.2915974875827,917.6961509874028,Ads
Advert/output131013164806.wav,0.84650367289534834,22.125632734795836,3.1750825816534207,5350.6939256012183,775.95702913156333,2591.2542638437726,867.3847776584779,Ads
Advert/output131013164845.wav,0.83180057387115747,32.638052323990124,2.4268244161569599,6165.2189498636289,677.58494839400623,2611.6980295578137,1046.7970199117324,Ads
Advert/output131013164855.wav,0.74105961457822167,28.693267001196034,2.2177424172700237,4648.5680628746341,906.63962580025805,2406.8308759211054,828.21284108455779,Ads
Advert/output131013164905.wav,0.84892743767163981,31.082598338876092,2.6363176258998164,5378.3945992110012,985.09298261971617,2652.7688093993497,884.92433787408231,Ads
Advert/output131013164913.wav,0.87800793552327761,31.036516452677041,2.7650580928411288,5462.1231216332226,828.6758662590704,2727.4527562097051,953.17581372783548,Ads
Advert/output131013164944.wav,0.83623537211434418,28.819250656511134,2.6190362841172847,7215.3722930693184,823.61580873830951,2638.4397129133736,1032.2607954601845,Ads
Advert/output131013165009.wav,0.92611253614519629,22.288469896513138,3.3717319086012338,6287.59031682154,1095.8785342093565,2924.0808253532828,1105.8993443357601,Ads
Advert/output131013165017.wav,0.89317026752639994,23.862104604914855,3.1653497618238537,5702.9992983549791,1130.8975809314845,2824.2584379091054,879.52511196227601,Ads
Advert/output131013165028.wav,0.77595260417930489,24.13956215861306,2.6766836939435161,5472.386035338287,745.6661733986474,2518.6953248362743,793.21382300175458,Ads
Advert/output131013165043.wav,0.79696476964807317,25.072426224839859,2.7588387786693964,7220.5242252017133,895.08410392072335,2849.7137350144703,1377.2815226995206,Ads
Advert/output131013165051.wav,0.74255147374724195,23.781941762297041,2.6909602461124162,6328.2923461797973,707.17131656552306,2544.8823798392086,1025.5050129809404,Ads
Advert/output131013165058.wav,0.73433024064808627,24.085609198407791,2.6107078299406834,6397.2402529762903,711.42824730290101,2596.4946545707239,1033.3592978083329,Ads
Advert/output131013165106.wav,0.74864278916960847,23.814157977923692,2.5391861150192523,6761.6853404892308,803.49117127264026,2787.4422463318697,1236.6578744597182,Ads
Advert/output131013165114.wav,0.77905530165011128,21.648821364707395,2.9260094851383309,6911.3166521294834,495.54349666010933,2565.4801045576387,1000.425925177884,Ads
Advert/output131013165125.wav,0.7609842451689337,21.525937590151333,2.8052542508486487,6601.0135577978826,804.65266354063942,2741.7046745826988,1176.9005968508704,Ads
Advert/output131013165137.wav,0.86858760430235438,23.148819865809909,3.2668971940175018,6743.4743570083756,984.21300472297105,2791.1589761465648,1076.8739484671489,Ads
Advert/output131013165147.wav,1.0327987941657739,28.556755417778195,3.752607717384385,5012.8032998363942,1235.4662811247226,2786.8696974444429,762.87724051502767,Ads
Advert/output131013165155.wav,0.98835821718365457,31.034081136739388,3.3985201168392138,5103.3973705059479,1130.7638845965455,2790.5779990370174,816.09285717713215,Ads
Advert/output131013165226.wav,1.0952984915147868,27.759534142428013,4.0716787912492149,5030.3038496635336,1170.5569483762597,2935.3326301163911,699.05181691921996,Ads
Advert/output131013165245.wav,1.0407005742512896,25.056889442340022,3.740308839824932,5903.22066390911,1162.3162204485832,2872.0060867032498,877.64677755379944,Ads
Advert/output131013165254.wav,0.96062545725075221,28.333293152091414,3.1746333322714455,6185.1874656180316,1020.3486613194572,3000.3252659129257,984.04937410766911,Ads
Advert/output131013165301.wav,0.963126169468423,27.318591817713493,3.3534841337599759,5807.8772053072835,926.10760755145429,2659.8781715536029,824.04909584715688,Ads
Advert/output131013165310.wav,0.95902635832756755,22.409950703726199,3.5651317265154643,6854.7414547195121,1285.7410403970148,3116.4594713520155,1253.7915966955475,Ads
Advert/output131013165317.wav,1.0491535949064996,22.001035878867675,3.996784943763541,6334.122315654241,656.45523795337294,3066.661712124856,1251.5029173574956,Ads
Advert/output131013165324.wav,1.4799066612588241,32.404294174109076,5.5777099869352664,6329.2855484303846,1134.1227829904847,3126.6282059246782,1063.7720535212268,Ads
Advert/output131013165337.wav,1.632021256816155,28.902831423572962,6.2888008407629048,6830.4008461869726,1191.6871759842822,3253.2893300013957,1055.5894178347023,Ads
Advert/output131013165345.wav,1.1405810465022945,25.979110480867497,4.3308381518337491,5338.3925540744003,930.93215081482856,2638.4553473772967,699.32372985430516,Ads
Advert/output131013165758.wav,1.4322264535303202,48.279759852441074,5.2036511740192948,4916.7914718820939,389.66860519491064,2282.8841483163919,954.55910491176826,Ads
Advert/output131013165814.wav,0.54452108774626795,34.425465594341176,1.2517861777060928,4942.2772551643966,359.75713267801564,2196.2582208790354,951.84668838534469,Ads
Advert/output131013165820.wav,0.70079791740852215,23.386663456971885,2.5370859034054747,6967.2553485837934,488.29154667649243,2461.5598464661221,1222.3430655383777,Ads
Advert/output131013165851.wav,0.80006104645633469,43.874417523162954,2.188176109573936,5587.9909640943515,432.37880094635688,2147.8322738241986,971.74037093132779,Ads
Advert/output131013165901.wav,0.64564511091926102,40.056571295778987,1.4996361620773779,4773.4860836394837,447.70760070292926,2141.9034121995037,927.36738907322911,Ads
Advert/output131013165921.wav,0.59395852064433652,31.825099675315244,1.6440681950293448,5109.982513074402,351.30457617234424,2120.1389104495133,841.8337609691614,Ads
Advert/output131013170109.wav,1.7082661293686032,54.022511558546896,6.0277372312699331,5746.6075717567101,610.52092746809365,2921.0701527238302,1174.7568582543804,Ads
Advert/output131013170127.wav,1.769961316708744,52.297683700947985,6.2437696016613025,5608.5041813733924,700.09059802191155,2751.3151051771069,1059.0858570435535,Ads
Advert/output131013170134.wav,1.6636903787999873,46.348408611869395,6.0537462185767801,5232.268142112689,1007.9334329672001,2743.6478295569304,850.04190774680592,Ads
Advert/output131013170141.wav,1.5225099605581869,39.89681907582009,5.4411728102560382,5794.9909106219575,1037.2749252185197,3030.9926577587321,1003.8046703783588,Ads
Advert/output131013170155.wav,1.9699571714654549,54.366266832961315,7.3128432796158318,5171.5270765507648,1007.9695019207554,2660.6506428693078,808.96480420515877,Ads
Advert/output131013170204.wav,2.0299291335817635,57.395524890363163,7.3264417820773229,4951.844786985127,1131.5149203714154,2643.5748244938477,779.02958830886791,Ads
Advert/output131013170242.wav,1.900732194794178,52.22494066246513,7.0019388079727269,7143.5096604098544,1023.9422361182226,2741.0700881871649,892.97152317929397,Ads
Advert/output131013170250.wav,2.0914051420149153,65.070972979910621,7.4177722542895763,4599.2909044080234,658.54812736158669,2593.8658153745919,823.45683273412828,Ads
Advert/output131013170309.wav,1.8776274048781267,54.48096854129971,6.9407559202847589,5353.3192163316089,655.2427763312844,2471.0700843644763,780.9743142596617,Ads
Advert/output131013170539.wav,1.7764722958714201,52.435457860976371,6.5647921292338038,5866.933282513105,1156.1725359511063,2642.9651059066487,753.0417613537885,Ads
Advert/output131013170546.wav,6.4914740624805756,97.528065004122382,18.245018365553815,7288.8772884190566,692.58227222232347,2874.271403232864,1281.242305099373,Ads
Advert/output131013170605.wav,1.6614085516389023,31.923894107632965,6.5826336530336587,5792.8944943686201,1194.2809529406811,2887.2326947929905,897.27958262806055,Ads
Advert/output131013170620.wav,1.6158989358670259,34.090652305340768,6.3202486725920481,5495.8378259383189,1290.8268756343427,2758.8264365303917,817.06542324911925,Ads
Advert/output131013170631.wav,1.6393410067345355,39.041211672800195,6.252249350663309,4888.3311696932042,620.59047126699579,2645.2559324505351,858.36094337618158,Ads
Advert/output131013170638.wav,1.5771642837903594,38.441940324355926,5.9466828374927401,5768.2432125313126,602.07050273619939,2622.9302598096933,799.9742530641862,Ads
Advert/output131013170656.wav,1.5165368775655861,40.600056691618008,5.2556700007691548,5848.9011712664997,963.66867492978406,2900.6546669495747,917.36657363127608,Ads
Advert/output131013170705.wav,1.9175693118182269,43.589447959792388,7.5670658922801914,5033.0956092482866,1285.5296547042324,2783.6006287127966,731.64839082495121,Ads
Advert/output131013170713.wav,1.9607242025532443,44.280601954948345,7.8967381922973869,5216.4323185161811,1166.5323536743754,2704.0981516016841,626.24533694636727,Ads
