Music/output131013153117.wav,0.15273003454161779,1.2529163529896017,0.60743506143318282,5457.6031949790513,2892.0119420606438,4075.988635740699,461.14804569823849,0.17005220371577076,52.928537446622137,4254.976890873666,Music
Music/output131013153132.wav,0.15350689226360265,1.6029817989563435,0.60908695995165774,5244.6710823706053,2191.1407864816656,3983.0284417872222,492.80884805333335,0.16217802699503528,80.992052928303352,4092.0308933679298,Music
Music/output131013153308.wav,1.041941059772902,3.2798976521346073,3.8923286135867436,8614.6875751899497,1455.2197329697638,4135.5713474036556,1789.7504706670734,0.18292703506469565,51.504526767412713,4564.7087672169537,Music
Music/output131013153344.wav,1.056613142160219,4.0057339588225309,4.2265101698181278,6539.0644055754819,1882.8615604398444,3792.841179454666,1188.8767767498739,0.13844848019496228,26.761431259881423,4093.4189120041401,Music
Music/output131013154350.wav,2.4692178334979764,6.7092863405846774,11.087374103944091,5911.5419874065228,2014.4703943837726,3739.8189734351645,708.81940592803119,0.054918412241219558,53.564332479880413,3653.4073754524047,Music
Music/output131013154416.wav,2.1510960624256494,8.8960301071775003,9.7009474392227659,5309.2145690204352,1838.7706341123462,3246.761349252467,633.80650156128979,0.072892459773961055,171.31605027445829,3367.3683796258397,Music
Music/output131013154455.wav,1.5787301019547304,2.3526705475266576,7.3604173931676655,5073.1742051117144,2454.4720527607187,3653.5423245267775,524.37245143932569,0.1176964869307998,112.61149928450358,3429.7761079871048,Music
Music/output131013154542.wav,0.84569773776973811,1.2925320314332014,3.4655126427678793,6909.7002988121949,3054.7713512731302,4674.1526579228585,781.5342267220492,0.11094300215193041,10.889450088594726,4417.8757690477432,Music
Music/output131013154603.wav,1.8360559491790174,4.3303879900674227,8.5922233692655468,5277.2182060552341,2476.9975052466498,3771.5924994806123,517.54224198209113,0.055832058389967729,23.569003993483683,3591.4229069281705,Music
Music/output131013154722.wav,0.96092358630009289,2.6075602174562262,4.7458632132141361,4404.7438282569392,1828.3064515361118,2997.6106560584649,561.97171374749951,0.057438246042824249,65.870628714255005,2700.6551615097551,Music
Music/output131013154738.wav,0.63109472842357439,2.2131423123895013,3.2255408579632445,3961.3379708817733,1399.3779108376816,2727.2763778920794,467.24130334127688,0.028976945207461659,69.986787022823307,2383.556003733966,Music
Music/output131013154754.wav,0.87169455882631164,1.2538349218598079,3.6732506797480649,6223.1515206086124,1645.2525190472666,3983.7192230282344,1073.5044395726727,0.1155504055982769,41.918243141073944,4243.1644903390907,Music
Music/output131013154858.wav,0.4906165097380728,1.1121579828016441,2.243900144213987,5692.3481354061441,2005.5703529592076,3191.2232980966119,715.66370038584307,0.091190285165123827,88.049867514868907,3465.7408716113709,Music
Music/output131013155116.wav,1.0925574889929108,3.9044987694250857,4.9060413766480586,6448.609308968983,1667.3635330186225,3687.8612290525753,1004.4703920033251,0.061195236117379516,23.705549367343526,3594.0330565082854,Music
Music/output131013155313.wav,1.7942322602958636,3.9874783179186282,8.2234463058658065,5516.3186224816136,2015.1940212518728,3660.0289850261784,669.17536956810545,0.054533097964719487,57.386989111709539,3640.886673644146,Music
Music/output131013155325.wav,2.0492354561613317,3.5164727938460238,9.7779419417166373,4870.0859624146042,3020.1372890079492,3812.9353605944561,308.06900332530239,0.069446665959915249,19.859220754886302,3574.1301459930191,Music
Music/output131013155408.wav,2.0394331632261036,2.3243310745721835,10.335568297951632,4800.433351065044,2648.0280745644109,3325.6028550707042,419.71189379914631,0.033061822434533671,27.619790094795281,3064.0304644327944,Music
Music/output131013155442.wav,1.8095801353145098,2.4114511587502001,8.7451188371966708,4775.5095848769861,2495.9282137359169,3535.4098909465488,489.07592070874301,0.054038754988069891,79.806732909431958,3350.4672906824517,Music
Music/output131013155501.wav,1.0717805203743636,3.3142542576246572,4.7674788965466837,4753.1094331955674,2082.5055642529333,3507.5774109519803,470.33678105946194,0.07183573397821455,100.28813165092691,3493.9260925854351,Music
Music/output131013155527.wav,1.846595729605345,3.3309873155102978,8.2492965934918345,5647.1620148052771,2257.7862750282657,4158.8112538384703,730.87102814988805,0.095206783929640812,16.142884595077103,4156.0477198081617,Music
Music/output131013155544.wav,1.572100549283338,3.1351142553538471,7.2559227705261176,5177.600983930367,2519.6845324201713,3661.7418392657883,470.38746424037078,0.075904140224424307,53.393396421686667,3554.2742189862761,Music
Music/output131013155633.wav,1.4511474276934664,2.7013970604289774,6.636853605091682,5974.730773500959,2464.7808641635083,4103.7975929454196,689.26414721626406,0.073158284955001457,29.145371250630831,3863.0739101564495,Music
Music/output131013155650.wav,1.9739856608122737,4.328687235755595,9.2076351359574105,5574.4502326888951,2777.3343586748897,3908.2645574236176,496.48381848117378,0.063955669129216255,17.620751121148523,3591.5644900505877,Music
Music/output131013155719.wav,1.8659017464841083,3.2250553642723303,8.9208059979579648,4912.8918677611782,2752.9490720744757,3580.3671706954824,443.90207659480637,0.085124091922043038,119.59424975068795,3520.5101094510769,Music
Music/output131013155736.wav,1.4604015715484546,4.3670552300461996,6.4749282199008,5631.4450629280145,2219.6866065393874,3676.3304300121717,840.56434119588698,0.087755597318115552,50.765908952027722,3727.9884752754074,Music
Music/output131013155752.wav,1.5745628228545616,2.2701029393091217,7.7329430784994946,4680.7374512049992,2396.266649011407,3338.2291029823414,431.09558616193948,0.060701893570376302,336.2261164813192,3215.9440844131177,Music
Music/output131013155832.wav,0.91878631355615492,4.8528866015235295,4.287491719450002,5424.8676600687486,994.44845406218678,2733.3197384227819,960.75353820351359,0.047760728798008051,26.828662177700181,3226.3774579757514,Music
Music/output131013155850.wav,1.153512717140506,6.281979841893234,5.2199724121110611,7236.3921381508253,981.00002202227324,3335.7894168711864,1442.5310268842404,0.06362671213412234,35.086199280376036,3311.0446804274889,Music
Music/output131013155919.wav,1.694392254528982,2.9981765952501078,7.402454390800763,8628.8697708322361,2294.6657930133483,4022.1682473897058,1039.3164390350239,0.12367456777244414,23.67972242766535,3901.6271987531977,Music
Music/output131013160025.wav,1.3588272133358128,3.6698278648366398,5.6784786013704727,7172.677300945672,3242.0280441394184,5024.5852287277239,780.71155974213355,0.081248762749964051,8.8057125712868434,4134.1406807050098,Music
Music/output131013160110.wav,1.4088861354217204,7.7851709070323283,6.657494716247947,7576.9264315388737,1119.9794267513494,2882.6585120539235,957.61558797805367,0.056384306896286276,69.853185981133805,2571.0404038277566,Music
Music/output131013160613.wav,0.1820836657409638,6.463550371594061,0.59532953682326772,5866.2528753156048,959.62943889323719,2368.3521492389091,695.29648041929011,0.087802230631017192,590.88862811859087,2151.9704158011345,Music
Music/output131013160647.wav,0.35084252898663842,10.839623156352118,1.2212411619410688,4198.0097933622319,911.1579208750361,2718.7209902669942,707.84759252467848,0.11419803457266765,297.05091702092773,2136.4200213803906,Music
Music/output131013160707.wav,0.17097551995769941,3.4233022983867438,0.73983789489381679,4282.6895168164428,1211.4377321770294,2623.1374147232582,775.58532853474901,0.061550730177619542,141.19093464196203,1771.258723751107,Music
Music/output131013160719.wav,0.31685981183743378,8.9522589856774974,1.1718690449913893,4526.1317323778985,1079.8181176481148,2308.1240097091113,611.71527293610586,0.11615397575531877,369.66743038463682,2080.2823663706026,Music
Music/output131013160819.wav,0.56647697340119041,14.867250866475105,2.2132468144140787,6369.7251952284641,762.36479693906278,2484.9261703491361,867.73945690567734,0.071116189251381967,530.84612625600494,1730.5495065601428,Music
Music/output131013160858.wav,0.66357774345214793,22.662081142066803,2.2714904956703252,5566.648587762631,623.80165514377245,2637.88584347092,1005.5465658665711,0.057539178665513231,203.01163176287011,1863.4500479053734,Music
Music/output131013162026.wav,0.098017188969073424,5.715449471191099,0.23485222624524149,3561.7144288624377,614.64905723046434,1946.6224677179698,736.11973366910547,0.070630187612747863,299.949879793246,1028.9752492168998,Music
Music/output131013162033.wav,0.21980078459863034,7.8501027798735095,0.8025708846030547,3826.0299910966746,607.19899569082395,1931.5038930428182,632.34268372191514,0.03693300555720419,1653.5477930540083,1067.9888123741707,Music
Music/output131013162041.wav,0.1851254851025709,7.3989799679794173,0.59424138526905934,4409.6965378491386,513.75786898703655,1996.2993008005244,728.05555377446842,0.091163492607509222,3459.2900351319358,1785.5740785851403,Music
Music/output131013162239.wav,0.45777541448987025,11.783386521044765,1.7415347492347788,6487.6836388594329,1024.6317783852173,2594.1532947457922,1122.2068990461285,0.065949861003028992,195.9270060441543,2046.9512708752684,Music
Music/output131013162250.wav,0.42063152453683994,9.2620144268908025,1.6047476645519616,4999.6123795321364,832.46090726917748,2681.474272113408,787.84292919207098,0.12136035312735503,120.41249906069243,2402.9726867882532,Music
Music/output131013162300.wav,0.45530657226036719,10.751278331347281,1.7173701902359639,5170.3612765232911,821.8270434148684,2733.2020623286785,815.19866547701452,0.1121055339599043,95.577720921316313,2365.1777759563734,Music
Music/output131013162332.wav,0.50505994739161753,10.17005208638575,1.7880570006762588,7918.9140899667154,1309.9832837916956,3257.0781755006606,1146.543765434938,0.2278997864733277,95.925806220690717,3335.3148349311482,Music
Music/output131013162356.wav,0.4680455355531612,10.719189665729454,1.7659674993844969,5124.6021868958505,712.66809266982443,2696.5038932094953,760.41407599351874,0.11683698002481523,161.96689247707633,2351.3139296912614,Music
Music/output131013162424.wav,0.5591248941379201,16.563552083552167,1.9663545165683789,4170.2835631964836,843.11900457070385,2410.1476470097432,638.70517641216657,0.091957741123950235,374.72823633464787,2182.0526387712539,Music
Music/output131013162445.wav,0.47678992585080765,10.095434565261831,1.9328058279914182,3663.5846389572534,1105.740688970659,2369.3540022757543,525.18053278721629,0.063870776942231811,155.78853767098602,1990.4359027855908,Music
Music/output131013162501.wav,0.3734639379622694,7.7658665821525004,1.5378738603680773,5842.0371540732185,756.28742090915705,2381.9753016594718,762.71068065362294,0.06554951511990563,105.35008639401818,2052.0163451516428,Music
Music/output131013162520.wav,0.41126102256201835,12.196363453402023,1.5716388460773494,4231.8527513730005,558.78500918669761,2051.9881648696828,638.26023059885665,0.047743640370235076,672.9910667439533,1720.9604703559314,Music
Music/output131013162555.wav,0.61905608826781722,24.188783496392439,1.9349644135100414,3473.0907016644592,851.66599128155462,2150.1288413255224,564.32813472641794,0.093504729394844846,628.64155208582008,1846.4458741666779,Music
Music/output131013162602.wav,0.58244958332397956,18.259447593771057,2.0109872621379954,4058.9530445584046,933.21545224563295,2292.8459817384532,702.69347981632484,0.092446347043009344,1306.317019634881,2131.9110660085512,Music
Music/output131013162702.wav,0.81230942644823156,22.7105503024437,3.0198770901575824,3837.4748499567431,561.52083830940012,2442.1865361521736,587.96370498689896,0.072593544458409945,410.26248566572542,2026.509773490588,Music
Music/output131013162839.wav,0.59887929450655075,16.665523191873977,2.2334792341145753,3679.3096905584703,904.80701895933942,2233.3021897094586,558.29123442322339,0.058882198076434598,365.33835631002427,1879.6881453802416,Music
Music/output131013163020.wav,0.68045841397579043,18.341646293239783,2.5441496247718209,4554.4244901493785,924.09814428657444,2572.0223432120738,671.79179525998541,0.073840958170820079,274.03744328500926,2240.2353640935103,Music
Music/output131013163213.wav,0.91498802043537097,24.732283498833223,3.3698725222990453,4061.0830047118179,504.06746275291169,2430.3945435488054,727.1325221256958,0.073721002462083754,2526.4185312007189,2270.5768285056961,Music
Music/output131013164724.wav,0.79463978982208461,25.815652079517591,2.6767989044193468,4027.333186703202,710.6066451177843,2419.4039308244851,636.27263335904934,0.068633772862229395,842.85189182240754,1987.2799729542244,Music
Music/output131013165353.wav,1.3100253766978895,26.781599735692009,4.9512251565801657,5493.4536299763695,838.23277871579535,2731.7939192216936,785.32529604655895,0.12344477927833157,1004.9387619088193,2675.9781141183648,Music
Music/output131013165400.wav,1.3730613079362719,26.625180347667627,5.2651323148092093,4894.8784317449608,1181.5849218354288,2767.7720663013215,631.28736533466326,0.12450865273602582,195.36788890406106,2669.4413724019187,Music
Music/output131013165430.wav,1.3456470105676548,26.022738598945498,5.2114910298480703,4792.8276362757579,1029.4915242408811,2683.4682523247257,717.15975594633585,0.091587640161128497,125.63290101149852,2640.4095544653992,Music
Music/output131013165454.wav,1.3655255322499695,28.605906625172796,5.2534373655270405,3999.7242438185513,1598.2537387562893,2670.5198405866349,497.87275906932513,0.082070998377613946,271.94740865254255,2558.6525901186797,Music
Music/output131013165522.wav,1.1959142973785679,28.157093181096378,4.4334474391294423,4038.0026146467894,553.8552872584911,2514.3746881108104,706.83889913865403,0.08069489430895177,356.19299580035999,2471.2286434809034,Music
Music/output131013165543.wav,1.4507094225174246,29.149654315901028,5.4403060107332308,5591.5171703467859,1226.3470298264449,2995.9299816110447,725.5309326190918,0.11999064295516543,118.46917698306031,2687.5780119890155,Music
Music/output131013165618.wav,0.47809031395492257,7.6646448652657551,2.2218647313002235,3701.4657242481248,818.90841718049819,2103.0914779880745,634.41994764340177,0.035444523034220014,690.33812307629296,1228.55823249122,Music
Music/output131013165736.wav,2.0305618171170297,47.996878524970072,7.990047251699993,3723.2939041644727,1289.8979589551932,2540.1142447333514,509.86589939336358,0.074272678165406281,629.95418104006603,2348.6423300257161,Music
Music/output131013165947.wav,0.45471977813293313,26.524436666524466,1.134839073802236,3482.0450064515085,458.55839811951353,1651.8478490919738,773.57469876945345,0.040436453886969884,693.99623388942291,793.12998294253691,Music
Music/output131013170019.wav,1.3501358365153404,26.245526346475778,5.2862794253429817,4771.140407273484,1275.9096110633361,2853.147502237432,688.97829367669931,0.11476600070115575,421.32431400446916,2650.2994380902128,Music
Music/output131013170042.wav,1.5662880133742991,31.137706486386914,6.1672803640794536,4088.0880279188368,1654.2997887478939,2713.8809299609102,499.75742706222792,0.096749937313010667,204.26773441088767,2557.5696887072581,Music
Music/output131013170345.wav,1.549440402762537,26.205548690878501,6.1196158083936947,5862.3085549168445,1647.1438788287746,2989.2860524374391,805.64397306558976,0.13132730022198089,195.98010931359539,2789.7544244167402,Music
Music/output131013170416.wav,1.5768694521133633,29.75910320074917,5.9795057049888465,6143.1903807038152,1240.8481356214922,3274.3256871545245,941.61058004227698,0.092346477299485016,162.27435083242239,2812.7872967016465,Music
Music/output131013171009.wav,1.3160249843153906,29.370470887270759,5.3719895070842663,3665.6966522969719,1535.3054040613169,2479.8138892854472,396.78791233407077,0.065692170652343951,348.56666431352647,2251.05525276047,Music
Music/output131013171021.wav,1.4003578817819282,27.974776628532766,5.921063922192368,3631.3747809116308,1550.7656244495363,2427.4495603335658,404.00271892484125,0.065268237639523607,361.81499787730036,2221.6510680122146,Music
Music/output131013171036.wav,1.5136361539794325,27.692011075961481,6.4719677871522476,4240.4234032777504,621.79077188743861,2522.3386485806518,782.23199615566352,0.071522554441850156,267.45149684208621,2129.8338173022657,Music
Music/output131013171047.wav,1.9149235800343825,38.557095175483511,7.7888779522549392,3846.0941068130037,1100.9495022532508,2512.3938959375191,581.48162255645002,0.087249233013833083,203.30071397016442,2261.9336353817462,Music
Music/output131013171110.wav,0.33746861391026145,8.3358394768889283,1.3398520707319272,4057.6361975826962,773.15732310153942,1976.2370883859046,672.91874704094607,0.099961332075087922,323.64255563246542,1639.838143266132,Music
Music/output131106220624.wav,0.077259572417935268,0.87433582871546878,0.3460082086034445,5663.6015575390948,1098.0452513260839,2310.769241432582,714.82215637296156,0.13532093730642522,241.19346712272315,2211.2258907407604,Music
Music/output131106220629.wav,0.079644972032457115,1.0059482357480027,0.37291539324786332,3736.1850376262337,962.84857270135706,2192.6482032747076,634.60134922641896,0.076897328088252503,164.78837637814812,1632.4479252787776,Music
Music/output131106220734.wav,0.11264377505632836,1.1113948938811211,0.47880719506929248,7128.5150010870739,1229.9487826781562,2590.1179885911679,853.24345286011157,0.20570475296416138,138.26924615115834,2753.2041821840512,Music
Music/output131106220954.wav,0.09511370334822819,0.69572182820960338,0.43569466720247896,5192.0513449577884,865.5131060231804,3115.8437869561208,1059.1579483070147,0.15394475815923611,2929.618697419734,2518.819819546216,Music
Music/output131106221102.wav,0.067518858941137641,1.1001883552136753,0.26589219190196567,5198.1468628119783,1195.594035491893,2462.1019120363212,640.97394470771656,0.1985517465359001,348.31528943448916,2705.0697511073199,Music
Music/output131106221217.wav,0.079276142102523567,1.2498925965446686,0.32640250632496792,6674.2328274885749,1209.9870685661897,3078.9464375024645,986.90864574699958,0.15871475389335543,135.35454278995533,2331.866316900192,Music
Music/output131106221330.wav,0.096462504652428865,1.3265070354987822,0.40971868674136214,5211.5964969864126,1158.6663818044312,2756.3924009020234,767.54279981333661,0.13501970053377518,145.15291573029054,2294.7595079136204,Music
Music/output131106222127.wav,0.12974622208671283,1.2244302113012873,0.55328824502604679,5902.6207762516997,1693.1240409148534,2982.547085673837,801.66502181723195,0.14700925104517734,127.6249264876717,2990.8069749600181,Music
Music/output131106222234.wav,1.3117889071505036,6.1612282474394986,4.8693116059737438,9087.0815845856341,1627.2667834251483,4200.8333762232651,1379.6294715295328,0.19423020436807298,22.062085592920219,4646.226906513506,Music
Music/output131106222310.wav,1.344633364582938,5.4696510517425132,5.1428678412798892,9407.81467209933,1601.8157278436665,4113.5634678960223,1551.0462608981356,0.17483894720866963,16.904179897455769,4441.7575062551023,Music
Music/output131106222354.wav,1.279127360833189,4.3072377462052485,4.9724698568964785,7953.482805208133,1832.7017410249168,3947.0535961273272,1435.4168437958249,0.15022247629016658,26.609084669645412,4357.6645828865285,Music
Music/output131106222431.wav,0.51989404042641707,2.0780320626670079,2.0219334367292197,6216.1706879370859,1369.7860460022255,3877.9299857789974,1246.7449958332184,0.15975130939396817,129.94897109084374,4677.3343505789426,Music
Music/output131106222516.wav,0.061954563227752162,0.77097889934181196,0.27049695921928524,4596.4859730633325,1632.5726521163961,2908.592915350358,532.04279199813914,0.13932288366301762,274.81415421240206,2923.4386466292353,Music
Music/output131106222745.wav,0.11405779812789624,1.1178484420560784,0.53583140565389442,4406.7386598793673,1148.6155116458788,2304.9490399634697,677.0405522093331,0.099299205053627451,193.71444513476342,2109.7129106719999,Music
Music/output131106222751.wav,0.11303676943119363,1.2880588127093446,0.52258188497143487,4385.9487224755003,1200.6701881070392,2418.2992914162583,650.00741585747505,0.090494474234922767,148.90906411906471,2172.1008151454935,Music
Music/output131106223054.wav,0.10780235420305323,1.3281674579601348,0.50819643427534678,3697.3240781959994,963.81371645466311,2133.0085368552909,627.57847476176232,0.073376812923499832,259.11353727126652,1553.9731769851769,Music
Music/output131106223318.wav,0.033496705260233121,0.37936044137781599,0.14573572986012762,5445.9396956920027,1162.8883601425407,2213.2575392248837,634.48282912083164,0.17658558269878322,532.05688259622184,2447.8862785780279,Music
Music/output131106223345.wav,0.077469671797307335,1.2256498513579563,0.34761638577312404,4751.1159136220531,897.1456535623081,2186.6271191066417,580.47093911941795,0.091525702944043122,123.54931110150257,1594.0722756107511,Music
Music/output131106223539.wav,0.020832687126675443,0.3824779388478286,0.079965618953066975,6046.1790796148844,1267.1535038461755,3221.4692431309586,1449.1649140586399,0.22086810325438258,1808.9615797134184,2943.3503392441544,Music
Music/output131107075306.wav,1.1308091324979013,27.874930601327858,3.6475286585060269,4519.2130852867613,1060.519038844719,2932.8811988423272,769.28889533783524,0.1955910796011415,607.21377887113181,3438.4433704163803,Music
Music/output131107075407.wav,0.87640055870215827,14.72797254160179,3.5350033276632815,5957.4004361176385,943.31546244705851,2750.5357183306724,958.05575321679589,0.091197175133101327,243.64846136521066,2608.4968466600317,Music
Music/output131107075412.wav,0.93567571294132623,14.812322880527036,3.7152178999997099,6941.6197903391876,846.11863601890343,3111.3430841749096,1292.6947156777578,0.1291258322564719,285.26642474823757,2768.7265380549193,Music
Music/output131107075421.wav,1.0550190777593293,14.51259570727448,4.4248322141583243,6365.039781708464,876.31333192376371,2950.0929750856003,1131.1034417219694,0.10042988056140138,159.86633647280178,2509.2640067921257,Music
Music/output131107075437.wav,0.96587123551463538,11.01663400676377,4.0236514199908084,6160.4681182804725,896.96287873768233,3253.1827013004258,1056.0794352503062,0.16825749134044518,209.3051738627781,2957.2809974268125,Music
Music/output131107075454.wav,0.78508639919699474,16.599149601386571,3.1428394791454588,4901.1915301282415,893.48163130614432,2431.7463675045396,775.56439535158222,0.075593993700415599,359.00344020468719,2113.5289761558793,Music
Music/output131107075504.wav,0.8446532648081484,22.088707671035532,3.4322519513600431,3632.0353913894814,730.4874984721007,2100.5012266827789,654.24891946646994,0.034402788292847833,383.5283405014481,1453.063967998296,Music
Music/output131107075603.wav,0.72604205072484462,18.579419423666639,2.629002319172558,5510.7297050273683,1174.5286815390211,2706.5413889495376,684.99806652598011,0.14046349532388649,1236.0843722399097,2390.8123054139664,Music
Music/output131107075609.wav,1.0988666944022532,18.458422841327156,4.5678781601068001,4686.6633722993975,1079.2574855747396,2883.698234296196,710.27331576829579,0.11946486195088984,141.48731050914532,2363.6596744137451,Music
Music/output131107075632.wav,0.57489298925654719,14.3662149373832,1.9338546048361505,5429.8361223848096,768.55498885034899,2541.1277697923633,895.00441275987362,0.088999242369701193,674.90840587826472,2814.569589092479,Music
Music/output131107075956.wav,0.724695476591659,12.828994792307835,3.02310020726937,3943.8017532100876,1236.2007422775632,2788.7485743938551,453.94985932797437,0.080315539932273916,156.830382206612,2396.3619343565092,Music
Music/output131107080002.wav,0.62050143812529346,11.332993883374156,2.5855586245734994,4341.5119243242543,1189.2043505315653,2468.9393507974787,543.44722796236954,0.11158507347447209,171.8373342293911,2258.9696218359509,Music
Music/output131107080012.wav,1.0079512058924962,30.946600398021889,3.5497783038012996,4405.6087238212767,939.83166724444993,2341.7297033413643,668.30686555167631,0.092561391918007246,354.55067486618793,1981.461253149055,Music
Music/output131107080022.wav,0.97703442001851926,29.520653902220694,3.6232111706281254,4091.4371242056163,879.91655444812079,2320.0163510144889,660.7878355485924,0.057908192978036344,273.71570228949935,1808.6953758522989,Music
Music/output131107080036.wav,1.0298284263210522,22.735942457680672,4.2837033423840527,4182.3900501129974,1255.5238857393838,2429.0756301546403,581.10972517385358,0.054968530634657856,104.98715362244015,1880.5239021320772,Music
Music/output131107080044.wav,0.81410231632792518,14.117667321520612,3.6616241999825632,3671.5892728733143,1324.2836280299432,2259.0064109627879,412.82393799104801,0.032218729593078886,110.86267728489854,1696.5172961545786,Music
Music/output131107080100.wav,0.60561833004945664,10.627121274284571,2.645373057130104,3501.1966591369855,1207.2015518523224,2340.5706879188779,442.31968325787278,0.05630715365583628,111.41944705339662,1970.2381701703657,Music
Music/output131107080108.wav,0.92653597016363332,17.526823464513939,3.7301288147758376,5411.6475981525036,1240.5589363688966,2856.6657813595261,680.69157850927672,0.12814112284953069,190.68554001841127,2472.5436205674137,Music
Music/output131107080117.wav,1.0585586032422125,16.193042013037392,4.3172384857495372,4368.4934300301447,1586.167735559382,2992.7766009907482,559.69841621611647,0.10849516257106039,182.61898368102825,2793.6403736001653,Music
Music/output131107080129.wav,0.64545846900668891,13.518945731665932,2.6957020804644669,4338.8982309474504,1517.6281260505934,2346.6627415692979,477.545505705621,0.070525741987719479,420.75573671913202,2016.4528945071825,Music
Music/output131107080151.wav,0.50077165981735605,6.0624831616671182,2.0913076813041385,6867.7284733005708,1030.5843042507615,2561.8589221336306,738.54631597918274,0.17116834060000263,4606.2732376279973,2851.9285553280588,Music
Music/output131107080222.wav,0.81204517476986382,19.022725553077564,3.1520613483847781,4294.0642138593075,1198.1024212030102,2469.2615304883716,548.07071807515547,0.086668062033169624,379.96156081318122,2327.1091526866071,Music
Music/output131107080238.wav,0.78928628706786486,14.437734859628844,3.2224549016821888,5558.7197669240368,1006.4826622195592,2689.28143775534,862.45185755893544,0.081000462617924165,133.12390242386809,2317.6366050994088,Music
Music/output131107080723.wav,1.4496002575507856,21.497089109626689,5.8967657193657645,7295.0722504681571,1588.4188691274405,3103.7240694226407,915.95209723117387,0.093875875535966061,65.876790364092713,2707.1506048770698,Music
Music/output131107080903.wav,0.7454210536207817,21.882836708108183,2.6808050309648568,4069.5251643738675,703.3128387366063,2543.4020644072248,647.97394494610683,0.11566671342861617,946.14944322092754,2327.1352138507773,Music
Music/output131107080913.wav,0.90400405257691496,25.38642495770506,3.3352533412090786,4947.8810279268682,865.91259419255243,2520.980928286363,714.7811257467655,0.072834871598234915,496.60509469811825,2115.1512521287482,Music
Music/output131107081038.wav,1.0527551953389847,22.914318524766902,4.0113538181798774,5752.8519184898887,868.29252851169485,2887.0368554157508,875.65029221834811,0.10025050005838894,128.69986498275514,2643.4887423358318,Music
Music/output131107081235.wav,0.92091494789205175,17.576140227591534,3.8326398556400227,4168.8019788772608,1820.3085590613598,2652.7125113864063,408.06285255086368,0.063275855463092265,77.344466694416283,2305.8644073343207,Music
Music/output131107081244.wav,0.72271366993277475,16.466371948026904,2.7963998646523138,4248.5239500156486,1590.6649387282268,2650.1026995347893,442.95132655782322,0.086172476984740246,117.70748087133055,2534.8160031261223,Music
Music/output131107081355.wav,1.0895100261735104,15.427570491904268,4.7041661281669729,4798.2896006343562,1713.3649627373854,3049.8448180650103,678.42091684048592,0.074113527115594768,87.328783077157567,2483.7323769431509,Music
Music/output131107081400.wav,1.0766446476518519,14.654722677589021,4.6414509731343472,4870.2801642308559,1607.8903943336641,3082.8821986092926,663.24542774888971,0.062911827749241936,92.893855402099945,2632.9182664422347,Music
Music/output131107081457.wav,0.9662964133291172,20.065635265210204,3.8188369180711161,4063.1067306296964,1072.1139430527012,2500.6665499707569,620.09098828497747,0.13654018007371305,1292.8216470185539,2320.6457574690403,Music
Music/output131107081515.wav,0.89375612146330363,16.659486428469439,3.5252520023090237,5308.5531509999319,1303.8911059729803,2731.7644212634282,635.92830804662742,0.13418618494720286,460.08218258328418,2834.4027093379245,Music
Music/output131107081820.wav,0.74425719260677914,19.637229514884151,2.7029125768169679,5970.0337684677743,719.83504569440788,2285.2589346500727,737.75254591876205,0.14802828955449779,1188.9765620079645,2326.203412780606,Music
Music/output131107082420.wav,0.26047688488934201,3.446985584607885,0.70591419852678816,6799.1771989244126,1441.5795382874364,2623.3006322922565,1055.812241954603,0.39535898032043093,105.09870477614234,5837.8719095699626,Music
Advert/output131013154320.wav,1.5242217966146376,10.909561428126398,6.97356208572391,5275.5246561786007,1612.2106388198679,3025.3189028295351,657.52420772661958,0.041019676142913325,80.563463312775184,2788.6285411890508,Ads
Advert/output131013154646.wav,0.52446911013130837,2.505876246977079,2.473335102607308,11003.508771929832,1203.8118272303554,3771.0841806632156,1555.9802046510401,0.066519022641923081,43.292079177198339,2774.4222700368832,Ads
Advert/output131013155338.wav,2.3711316700734524,6.8973268726075139,10.54064127343066,6639.6427816305868,1928.1397371424177,3869.3771899017038,832.95407707079062,0.15756549331211103,11.617051769978394,3758.2277468265602,Ads
Advert/output131013155347.wav,1.8261885627488079,3.4133566441460035,8.7176623703265879,5503.8262617808623,2317.2845185397014,3641.542163416224,743.96843114690978,0.057464604333405923,12.754174674302055,3311.2144270212775,Ads
Advert/output131013155401.wav,1.731980112334403,2.9172446272356742,8.466306138107365,5606.714323638249,1938.5523185252266,3258.8144671022437,692.1595193061986,0.084164798908811983,22.358912016616298,3145.0581787159617,Ads
Advert/output131013155841.wav,1.4337606009971862,5.9166162119572681,6.3871787535809421,7098.7828859249394,1076.3391505285297,3495.2389235352307,1253.3701185595044,0.060472957685996358,28.964546987165559,3354.8960419380287,Ads
Advert/output131013160654.wav,0.36580828554351713,17.340149747430289,1.054896406794275,5433.0517053719559,619.69071374128157,2511.9212473494367,1062.5126192465361,0.085683202483983159,570.74318268738955,1498.2020198446128,Ads
Advert/output131013161255.wav,0.62923468183184339,22.695627794575866,2.0659229453099037,6549.5433854496296,567.47179183272385,2695.7786407429962,1002.9652207167036,0.058264310717041572,395.10337911747473,1884.0557984551244,Ads
Advert/output131013161305.wav,0.58761771946578045,16.743711317164106,2.09894806319575,6334.8423147079675,1030.8094358282042,2840.1016799501936,881.63491113252257,0.098750870191700924,152.35165712417148,2218.7526530239934,Ads
Advert/output131013161312.wav,0.5717462568836631,17.469225231012491,2.0182046055682408,6891.6037603683162,728.56156461325008,2647.9388075497991,1221.243982371594,0.073086935761091334,118.37624996270496,1935.94296117921,Ads
Advert/output131013161318.wav,0.5288332028708409,12.034996797724926,2.1237005073377615,6573.0692757424185,828.6426248365118,2597.5109079995632,1155.8205327257776,0.083108958896198751,115.22143108373773,1987.8748125950615,Ads
Advert/output131013161324.wav,0.60370404880786643,14.775952874500732,2.3307346939185103,6543.289658703502,872.86968847346282,2734.1509837887234,1044.2904685220788,0.093862306974507037,82.939481919811172,2111.9212036216531,Ads
Advert/output131013161332.wav,0.50215705399002408,13.987151822401128,1.9189284735801366,5211.9985035692689,780.14574997988166,2394.2016311521866,812.35890607988495,0.055430201898622918,96.138597980233854,1819.9156166968241,Ads
Advert/output131013161337.wav,0.57383364479352283,19.962090335819646,1.926692166617157,7701.0785618062309,527.10782523893261,2768.3788758850965,1021.0293465825837,0.061648926342422791,285.68357193746209,2038.8812236134129,Ads
Advert/output131013161342.wav,0.62109717376287155,18.749463617848363,2.2126415601192067,6696.764831137878,615.1851211115021,2782.5416908364386,1129.0547318515949,0.10028695525772952,196.7448337608343,2085.4573809107178,Ads
Advert/output131013161347.wav,0.61285283517319278,24.225048865249377,1.9284921132207222,7128.288993329782,580.20967515924747,2764.0848745385229,1120.4954680783846,0.073999780054961772,371.53610247234855,1949.4894530922561,Ads
Advert/output131013161352.wav,0.62333305361910729,25.007879174246796,1.9063494071931542,7964.4516241448309,541.83439069944302,2992.1033894506054,1348.5648212599597,0.086523122535107216,367.80349632331269,1963.1371074884005,Ads
Advert/output131013161358.wav,0.63234783523803573,21.585175931918958,2.1781977653561011,8063.3290349065164,398.10516863939523,2652.4541689049051,1338.943378495881,0.058882455529211904,344.31982826900526,1784.4416434382042,Ads
Advert/output131013161406.wav,0.65300202700038135,28.797779033418447,1.8757951150001904,8098.1288605286036,570.11500111809494,2757.6146379049587,1184.4204200234706,0.072928836616921844,275.7745092974107,1840.6468618007052,Ads
Advert/output131013161411.wav,0.62686854382657853,22.888965503915827,2.0324186147021832,7741.9045651940869,767.75870398741256,2881.2101270675676,1299.3860595607912,0.086206502862655743,323.52699264913417,1997.6543274435264,Ads
Advert/output131013161421.wav,0.62439929562887875,21.873554646438109,2.0783051140374149,8043.0981951347212,359.29166335370411,2799.3411354108439,1441.256234194743,0.094519107115367804,298.40087477994388,1993.3230921383117,Ads
Advert/output131013161426.wav,0.6394644457262626,26.81309917160711,1.9012198811867287,7653.8624010655885,643.07550585066417,2886.3175358054173,1178.7426705057776,0.080385138733027037,507.58343644241251,1925.1432816530148,Ads
Advert/output131013161432.wav,0.58652421019898482,19.20804032697967,1.9929283648037446,7673.4667956769117,635.5928804609124,3103.5411188961225,1414.9061834300981,0.086292246847709073,548.91803161977077,2155.8687309602983,Ads
Advert/output131013161437.wav,0.63256850697502842,23.341610900937805,2.0509021248783186,7123.5992735040109,886.22063627360285,2892.0665366761423,1263.4745151437039,0.073114835772517303,233.26763167955332,1942.7763186026425,Ads
Advert/output131013161444.wav,0.52469556327755484,16.827881577884618,1.7547586070616101,4935.0829047995649,749.33155727683459,2549.5388520436541,872.71143853381761,0.082143551055308087,252.49195776574811,2229.6842962749424,Ads
Advert/output131013161452.wav,0.53306851307942027,17.770161183745131,1.7410357354234458,5686.5378784530903,834.97873300737149,2691.0089367085434,998.66473609445688,0.092739053918196687,213.67565127348493,2199.7879667582411,Ads
Advert/output131013161501.wav,0.57434631917303158,19.200721596382447,1.8335987942548584,5952.9140198202394,908.43529995826782,2764.8645205496118,1033.3690036681048,0.11919005073720669,140.1872756419132,2331.2100722123355,Ads
Advert/output131013161513.wav,0.64686225178752943,15.182568342538337,2.55645369656553,5904.1373201057804,1068.3658147217677,2545.1269654731855,761.16407925369685,0.0812179668501955,119.77242109958701,2041.979156022182,Ads
Advert/output131013161522.wav,0.66576711306751113,16.701497186798338,2.5430885059219195,5565.1970266126718,1061.3051800077037,2739.5803357706054,838.22889183656275,0.081364491589693014,103.93831653776647,2200.5132029415176,Ads
Advert/output131013161527.wav,0.49593388153868345,12.048319895035961,1.8701221033228868,4965.4201029130782,1371.1171716128854,2899.9988646684374,659.9591475973981,0.10305314309060042,148.32454283871908,2422.3829827916252,Ads
Advert/output131013161539.wav,0.66917460205287171,32.588274995815119,1.8763971199261762,5440.2055933087995,658.61232895942123,2557.4366759636746,948.39254845024163,0.063575818794631964,230.81092637387056,1500.6044565100146,Ads
Advert/output131013161546.wav,0.64043807719822676,28.380107758753297,1.8761120367461925,4891.7204494140897,702.56566724596678,2509.6175659311898,868.76152719635593,0.08430986451248533,353.92705954394143,1752.2250063787608,Ads
Advert/output131013161555.wav,0.64821025993419823,28.201582587442413,1.9461215680467423,5634.179985517515,386.63403890039592,2472.2818045655995,896.31199992974734,0.062399211659764087,350.4822800247556,1674.3690703723933,Ads
Advert/output131013161602.wav,0.66965258432947239,22.97410793944043,2.3326151871080496,5458.2829420248572,972.65532721477246,2495.6110455322214,731.65283341334293,0.081634136460799978,186.48201111132173,1919.8717576389986,Ads
Advert/output131013161607.wav,0.68229298211617695,23.655679374399764,2.3390557768256359,5190.1750204989148,656.60560361409853,2715.5294873269713,901.31604714906871,0.080344714437460066,193.60572593594227,2002.2447577555206,Ads
Advert/output131013161612.wav,0.6963930322799835,26.598107743829566,2.2680208403309603,5258.3644285968858,998.48471223947001,2572.6575391182719,734.69396247270413,0.064157546999223117,212.71393994130159,1882.8383260797714,Ads
Advert/output131013161652.wav,0.59090947029200236,25.737746051181745,1.7764864739320523,5965.844147656243,731.23929242697454,2620.2026306938587,971.87875114697488,0.075057352290072946,221.80769085268722,1580.0283550577831,Ads
Advert/output131013161705.wav,0.59381912917686097,23.658391434821066,1.8703380594339793,5575.3079412484485,551.45004433470353,2550.6129787684736,904.12065574592145,0.067794658757668297,297.99549291762833,1758.6877658023129,Ads
Advert/output131013161717.wav,0.55433248579765304,20.964693235976828,1.8088929338575372,4939.0027236910473,952.67766499732363,2522.344951163629,820.5747349924419,0.071389762633066275,189.30914252271418,1814.2654175291307,Ads
Advert/output131013161722.wav,0.48161989671461258,17.251553514097616,1.6262263940393318,5327.317880891007,744.72496129428907,2608.8549626083677,887.45820153565774,0.051127370632040897,132.34280632735945,1759.7325611594533,Ads
Advert/output131013161730.wav,0.45594811046028477,14.950361731735784,1.5693907384341534,5300.6162841045225,617.60446467312636,2768.3983480945581,974.50059345272064,0.090405967137702173,127.26407597938305,1968.8589703496164,Ads
Advert/output131013161737.wav,0.58589586063249532,19.995705871570507,2.0172925326895292,4767.0473764165026,711.38564300537143,2336.8067052392203,798.56796686176176,0.091572608067491748,138.38573743430541,1841.179530895741,Ads
Advert/output131013161746.wav,0.61223668366314632,27.682707987795112,1.7270461516931996,5211.6165521675985,590.24547296935657,2392.5144160380605,806.31348914994999,0.098314108217044491,367.50371393954879,1797.3155860151221,Ads
Advert/output131013161753.wav,0.64822353666874832,28.994573381518226,1.8607967097504432,4681.2176280479425,750.9122630464766,2363.1628180146067,841.81983717386083,0.10764077637538046,278.21674035515144,1766.0353484186585,Ads
Advert/output131013161801.wav,0.58967929140353881,23.28405209565015,1.8918714113161443,5262.7078123484871,552.1870842466551,2448.8369667599964,870.99028387977182,0.064316649580533944,236.59254513009668,1668.3777893614808,Ads
Advert/output131013161812.wav,0.67432136811440391,32.90081925001067,1.8388715026444635,5711.6810528125652,837.67824536651915,2344.6123649492965,776.90229195482073,0.076003542047729994,342.73519104936474,1554.1708163936974,Ads
Advert/output131013161818.wav,0.62358682475508298,29.757481904657819,1.7234699011748862,5199.6885120758079,627.42200760480716,2339.5518630853803,995.50726604829163,0.086356743686848869,336.56587580383587,1598.1813963892932,Ads
Advert/output131013161833.wav,0.61032476333395336,28.677708537157795,1.7131096666019368,6058.4480480214297,600.60295844188022,2549.4519732862082,1122.989166638537,0.07432484201240673,192.05108270583926,1670.7331419463742,Ads
Advert/output131013161839.wav,0.5758982784528206,20.171701524068183,1.9430276767482819,5643.9332176803691,757.03035792723949,2595.1326451834479,998.07666894817419,0.057203786369485816,264.11913642776574,1888.299729665639,Ads
Advert/output131013161845.wav,0.68943522772392407,24.838606953827529,2.3639149883422954,5334.1037679262017,791.38379227242876,2192.5421137732178,826.21047783668973,0.079776361320067796,264.19765069337473,1549.4983840843895,Ads
Advert/output131013161853.wav,0.58501999629233603,20.347122427661514,2.0539959284249338,4938.2502247978282,754.00318505068151,2412.8055547310541,901.50350522281826,0.052972517518363918,162.29575744883718,1608.3211697018023,Ads
Advert/output131013161904.wav,0.62104258405304003,25.053105122133232,2.0101211406094603,4555.1982823761846,797.85577672994498,2340.0188835449894,772.04630535835986,0.05058354389383074,298.00442840549277,1572.3165915015686,Ads
Advert/output131013161916.wav,0.6523323799316304,24.151702801053386,2.1995351840249886,4958.1350744227066,673.58623320994423,2252.5288304725323,840.44239580740509,0.074670379357856767,134.73848771876777,1654.3591306412143,Ads
Advert/output131013161934.wav,0.62539683056675222,22.557835652424089,2.1373280390610265,4738.1592776585494,890.18053934382942,2328.1890277976945,884.23472419688107,0.056027157080001194,377.56680856156487,1676.6533442162809,Ads
Advert/output131013161941.wav,0.5836420595861076,26.926533540257438,1.6785215573691197,5018.203639014554,558.72674415393442,2405.0721770777968,925.53861943326194,0.054392192559778327,504.68520698069506,1619.4389440957507,Ads
Advert/output131013161951.wav,0.57707166022548195,23.682651690101665,1.766778146252401,5123.5371639621744,572.65769810445227,2504.5602934482713,853.68518465788804,0.092476952517699856,508.17372914178384,1771.3280388923465,Ads
Advert/output131013161958.wav,0.47952341934053982,14.710399859183839,1.7138490961965724,6976.0035441849432,1142.4509141740575,2699.8028005837109,699.97364226515731,0.092866993485569024,207.498026326142,2121.7811057959871,Ads
Advert/output131013162412.wav,0.32387192487098082,9.8101572913988928,1.1655054972362493,5320.0449300205728,728.66543147224127,2564.7386851014853,875.46091874853835,0.063490253097404734,156.16289997974661,2002.4501349974871,Ads
Advert/output131013162848.wav,0.54808129698595887,25.708017883186184,1.596874943374921,4825.0388067061085,657.60007552901891,2268.6039296318654,889.52951142972256,0.068391357400847813,246.99502017918905,1435.8358043046371,Ads
Advert/output131013162902.wav,0.54661775416045544,21.476385594149885,1.8782072834829289,4426.6080488999905,651.24297606746427,2070.994612303929,818.2120314635464,0.030738154947894655,131.48585056671018,1171.4796035071345,Ads
Advert/output131013162908.wav,0.58547431769218572,22.177130818301872,2.0298561900956358,5616.246443666656,454.00058225388426,2250.4350105197732,1066.3994792308677,0.044026003419655207,159.54489142962507,1249.3200910163575,Ads
Advert/output131013162919.wav,0.51160039187273432,19.571355290000756,1.7277156627725589,5632.0815332479742,788.91578384589673,2353.6053070266648,1017.3774715836952,0.064423070612097441,181.94488752362685,1355.0601546825583,Ads
Advert/output131013162926.wav,0.55429591038900983,30.043666186766853,1.5154072676294243,3948.8858442682676,495.91265532366475,2039.2298498631865,819.81703676160714,0.025456901338237588,197.74778807723658,850.99202914490797,Ads
Advert/output131013163406.wav,0.89646326693257583,31.269344530253466,3.031504137937453,5933.7651358010808,622.19867759135377,2678.4630934802535,1101.8167825398737,0.067791463208695307,206.30088687032253,1930.8277790718844,Ads
Advert/output131013163412.wav,0.86379137114516147,29.042462462371667,2.9937592954413232,5726.1336375480996,805.1692016927567,2621.4957148910767,1079.1818126481089,0.068945367918729836,440.66185498967701,1922.4802842491879,Ads
Advert/output131013163419.wav,0.81059418071341394,25.108370449048877,2.8596584073537308,5795.7657341033701,712.12536794445941,2585.3205799052557,944.14020954894966,0.1166090282006705,134.31095387446055,2076.6056735842039,Ads
Advert/output131013163426.wav,0.91807384249373691,30.758290020731096,2.9838268966075923,6431.9270519524516,914.10826339681125,2774.6855362005222,1120.1118835905515,0.096330805354203325,234.80880899876777,2246.8647218477795,Ads
Advert/output131013163456.wav,0.90874518767362156,32.951134837106778,2.9647715253427576,6372.9380582100976,639.1372037379756,2632.9598774410101,850.98886812157627,0.091122375476952011,187.9648273773262,1982.6413259814499,Ads
Advert/output131013163516.wav,0.86251879254676089,25.089845909878061,3.0790397002028151,5253.9822065630115,985.30889399001262,2505.8358495868533,774.72290857939674,0.080687393110323025,108.67665692041425,2113.892693727224,Ads
Advert/output131013163522.wav,0.742653546501991,19.483096419609563,2.7193741783755905,8585.662607613549,609.12384152150537,3169.9765923577675,1448.4072584854953,0.10263292773516827,523.24058143540265,2398.1359792733265,Ads
Advert/output131013163527.wav,0.80735558569966448,18.400997103602926,3.0202502223023231,8249.7224069555905,660.92603839243952,3479.5637401056965,1819.2681748126965,0.084372590870716968,200.89893304841868,2586.6400604154187,Ads
Advert/output131013163534.wav,0.86143579903642931,22.89182218546787,3.1979267297987022,6773.9757548084535,672.59469381093481,2674.3728884842731,958.22723812129209,0.091544868925883649,106.69083637711228,2286.0322438252424,Ads
Advert/output131013163543.wav,0.88599573335900061,23.173485290532405,3.3354091209729275,7285.4761000875005,824.62676989487511,2839.4765943678594,1141.0729785095355,0.080784844351011936,149.48854087836295,2152.3965675212758,Ads
Advert/output131013163553.wav,0.94623779955565024,30.306189236194523,3.2196262693199098,7584.5146102777026,843.20224819113241,2793.5904638072998,1248.312413596831,0.1107633846750017,344.38485068944385,2256.9363156953877,Ads
Advert/output131013163559.wav,0.7524275024400191,20.57350534723464,2.7884830152326101,5275.90754364034,752.608346539276,2623.4722016232163,835.35930857463768,0.097416074194626029,118.74691769264275,2238.8463742581125,Ads
Advert/output131013163604.wav,0.77251245223494569,16.989187123545044,3.0534677639406467,5574.0002005665519,1125.0160813452546,2834.6134001320638,962.14659750224689,0.088959073154547971,95.229308931689829,2313.2982273740522,Ads
Advert/output131013163612.wav,0.85417829465610795,26.449566676328253,3.0487700448295025,5029.4243745991689,740.54796495317282,2487.6954396784777,842.21091471644979,0.073816155959543661,169.73641605707621,2049.0752344251123,Ads
Advert/output131013163624.wav,0.96533207763882412,30.486506622876053,3.2481492718579306,6881.3336489512221,995.31554570562685,2664.2520821900976,992.65509975249279,0.13410669094292513,129.01908088666684,2215.7659903509666,Ads
Advert/output131013163632.wav,0.87335269045706254,22.214836969236195,3.2376526404451385,6489.0762571746518,901.33353942842587,2711.0743086152302,831.15826141457546,0.092615038586903495,94.948699648656969,2207.0149285156676,Ads
Advert/output131013163643.wav,0.83647794077498316,20.245081842963568,3.0767944855625093,5819.633700383054,1072.1795080373572,2865.2166551697496,1010.5044485517971,0.11289035808069119,127.58722310697686,2405.8590592184769,Ads
Advert/output131013163653.wav,0.84184630865184917,23.425728632549482,2.9366295034537471,6651.90538061196,1324.3507693549432,2890.8276481488206,1166.2634545451865,0.1061258508608465,168.81241896336806,2389.7931421886183,Ads
Advert/output131013163709.wav,0.81210416764370164,22.777486736444729,2.9026870281418873,5911.6934333246381,913.27205533553968,2666.5545734943339,847.95774839322667,0.088225004596286821,179.26224462218175,2237.6152933429157,Ads
Advert/output131013163724.wav,0.87427823603400201,21.280037812479485,3.3306899154790774,5249.4131234254655,981.84579105056241,2792.1198319012792,924.59358926791776,0.089983152872715105,189.96329372133221,2155.9485932965995,Ads
Advert/output131013163734.wav,0.93527981633395441,23.522653432211531,3.4887420201922015,5421.2418426730155,1222.1450558859592,2699.2028147805709,957.5766918069952,0.092931785491181571,151.01621021825207,2207.2464473591394,Ads
Advert/output131013163739.wav,0.78237197380592871,17.865975618974655,3.0122398048800254,5726.3355830816099,1042.6588774563256,2738.3918840915053,954.1536946510663,0.11769197401626813,169.00410142011057,2238.0827240212948,Ads
Advert/output131013163747.wav,0.92305062846791897,24.306359184823172,3.445489600525852,5449.1695666696314,1037.6980058047061,2526.696587227827,850.16834668432375,0.084657031646884484,157.27963330402432,2105.3512687805492,Ads
Advert/output131013163804.wav,0.90801633770694812,25.028288760514766,3.3929626706737568,4895.8641036119998,810.99785193112325,2431.0378535153495,774.70960191182257,0.067296396585641419,252.05056239739744,1916.5727931010188,Ads
Advert/output131013163820.wav,0.85357632527163574,23.038167289471343,3.0601346268850236,5314.4708306129205,702.19097113120245,2938.4916365856875,843.31401953816476,0.11182990195639043,256.03573184340013,2398.9403841245544,Ads
Advert/output131013163825.wav,0.81871321483417048,21.677086811551071,3.0097293446788709,5543.1134745034469,821.20136231342224,2919.9878775462466,798.28831177973109,0.090295845614843745,387.996555893486,2369.6828378545483,Ads
Advert/output131013163837.wav,0.84556617641446585,19.243188585332113,3.1658492592880743,5752.9045245332618,872.06889049799383,2954.8513749751646,929.90773030281605,0.13304529504379839,345.84191620928999,2533.4390765889684,Ads
Advert/output131013163846.wav,0.79325076892541369,22.566114209327548,2.6414127999575028,5688.6966410995929,1226.1176936783215,3220.6434837351126,1024.6816705921656,0.14373926454797448,174.89156021739913,2735.4513091919039,Ads
Advert/output131013163855.wav,0.75323985481110733,27.028208332982221,2.3773234557847642,4921.519234573042,534.24337647655852,2306.5495014794719,1025.8501998962477,0.13076297163424327,375.46990978469313,2120.5391753914419,Ads
Advert/output131013163902.wav,0.73743683902533586,25.522368479342653,2.3821928285878382,4683.5760376694152,546.55636638198371,2416.0263933366405,917.83856009729925,0.093439726334922743,332.31958736569027,2175.2315864744264,Ads
Advert/output131013163907.wav,0.72431100532171311,21.23801061352362,2.4829957439835662,5482.1177394844144,556.72597836466082,2457.4914674462175,957.41815472519659,0.10574471614164163,344.46307046458259,2313.6344849762349,Ads
Advert/output131013163913.wav,0.58193143571135375,13.399200437883815,2.1527618412891005,4976.3967674593605,958.46363515031442,2665.8184387603646,907.58041697492217,0.11044168886744776,184.92808169081866,2643.5495808471364,Ads
Advert/output131013163918.wav,0.68316990992257476,18.511158399738147,2.4010792993199415,5990.8066313399513,1183.2097298770138,2965.0385994013,902.23426811974571,0.11301640323554649,209.04802580933628,2589.2449078883005,Ads
Advert/output131013163929.wav,0.77429433698831662,21.017824422656453,2.8430264494715392,5688.7522674079664,1140.6504942739225,2744.6510664371103,803.06872230614363,0.078018503898828889,258.37556924980765,2149.1365107020538,Ads
Advert/output131013163935.wav,0.80856506785271876,18.430862872535965,3.1354302979309749,5586.9395759558283,1459.1236664554424,2771.4416264598822,633.66523256798507,0.10982904925673684,89.27109350433193,2422.6060121638106,Ads
Advert/output131013163940.wav,0.73725800899106986,9.6908156015009776,3.1041911596890048,5903.365076060677,1001.7244461025603,2839.3710121768022,909.35366183589667,0.14953561534397056,77.773629576988753,2591.3149058566028,Ads
Advert/output131013164405.wav,0.87772104166372189,37.884119965154326,2.5924240633051818,5938.5524017735434,518.272064037056,2316.0615605912444,972.04660079526138,0.073391653690326117,1436.0825821608146,1703.916100206179,Ads
Advert/output131013164412.wav,0.91463940300043356,47.689345802768884,2.4509058417864198,5085.6648572474969,416.2965760198839,2203.5667665985156,753.33866206402706,0.060095175498324119,1681.6769136771206,1331.2917422410628,Ads
Advert/output131013164422.wav,0.93041097160007558,43.054089294129625,2.7025009177227401,5426.6997138431807,507.17409944303961,2329.0269884277009,962.8218413256991,0.082043012673555696,2267.2208732982531,1461.1111798711788,Ads
Advert/output131013164434.wav,0.79475177387336782,31.761816437231765,2.4571872141340561,4828.6692133081942,465.38709906035416,2177.5702206039441,844.07203389288338,0.091157708355734016,2410.1819393992646,1837.9567709637627,Ads
Advert/output131013164444.wav,0.72756432772584556,31.915931087234959,2.099496768479769,4598.3349987281326,456.77200268120924,1994.5198847867443,776.64640206029298,0.097156249961712293,5926.5494167435927,1861.7957311259381,Ads
Advert/output131013164449.wav,0.59705691038483721,23.322136025722372,1.8260357215949974,5795.4540464940928,517.84093590320026,2379.1597331471689,949.59407690134731,0.12222978527921183,876.04670047327886,2160.3876494297533,Ads
Advert/output131013164457.wav,0.71925062388717986,37.796602197778277,1.8064585506123065,5591.4512288678197,513.08985328599613,2364.3479587798033,1052.5060609017451,0.088409984160787256,610.54673324206203,1701.1193527097621,Ads
Advert/output131013164505.wav,0.73228162890762771,32.126193277181166,2.1969100336177227,5217.4935745257981,420.99336190526441,2203.8223023065307,1009.4773426023893,0.078261712969277877,483.55007074556238,1669.5431402437514,Ads
Advert/output131013164522.wav,0.95512910275571072,38.628494585099958,3.0616998923903198,7572.0523210902611,660.45716369029242,2560.2124306208329,1218.9219477671845,0.062523648006255442,204.29088186972533,1416.0836494733553,Ads
Advert/output131013164539.wav,0.98984807488694326,35.034277688908325,3.1442550478422104,8546.0118784394053,812.28758935732276,2575.5413294719569,1005.9622379476166,0.13524965281201184,579.35747972032357,2143.0007717970066,Ads
Advert/output131013164552.wav,0.91820754835350005,33.677247204379597,3.0705699629607386,4463.9172709395798,848.80969463257202,2452.5522053148788,746.59409135385602,0.072325601456479968,378.44982030564034,1714.1684326110376,Ads
Advert/output131013164558.wav,0.86807124160960214,30.427396379911528,2.9670237819057697,4273.9563933247755,816.55817264774566,2389.0746770387345,777.98483657167139,0.093147389793421145,339.91901145943757,1798.0411741204618,Ads
Advert/output131013164603.wav,0.741220746517392,21.807267380321051,2.7106231734204718,4750.82916717649,940.48061880621765,2579.1859191787426,748.99035087285631,0.096942089302957335,178.82443749666484,1877.2953835744879,Ads
Advert/output131013164625.wav,0.95285664316830676,32.552061348330227,3.1014324678047753,4411.8277536572587,861.983696603726,2440.8643213584255,726.29160352897247,0.15480189624560486,300.61197535136108,2239.4089754614993,Ads
Advert/output131013164631.wav,0.81064097712810901,30.60441151252984,2.6866571168533953,3618.941869098514,944.53331446712343,2299.3170436402384,580.03560644209517,0.064032274870818945,289.77302905975989,1694.3962393729234,Ads
Advert/output131013164636.wav,0.81873978023938676,24.32821276856366,2.9315204438223468,4549.839855109004,808.99371325961249,2802.1108893405581,818.31678424721235,0.10185469988469358,304.27177630745462,2045.3581116488988,Ads
Advert/output131013164641.wav,0.53783158896185213,22.036794512720274,1.6064147612563391,6019.4265960924286,384.7308271426183,2397.8601544761482,1097.0412083425638,0.10613981982032804,540.30293115494612,2148.3943573593642,Ads
Advert/output131013164739.wav,0.58886832911169285,24.190681143417233,1.8932024557440295,7652.9800287021781,456.19698963829273,2554.4165213798155,1333.022610066929,0.04372522431103229,801.29219906940386,1306.390969271954,Ads
Advert/output131013164752.wav,0.87920360089738669,26.160496377694287,3.1233996598370468,5782.4741786387358,768.95324851625935,2657.2915974875827,917.6961509874028,0.078494901634513448,319.42480515968299,2045.5869156909841,Ads
Advert/output131013164806.wav,0.84650367289534834,22.125632734795836,3.1750825816534207,5350.6939256012183,775.95702913156333,2591.2542638437726,867.3847776584779,0.076283195290530431,192.61056447484856,1993.0224857903097,Ads
Advert/output131013164845.wav,0.83180057387115747,32.638052323990124,2.4268244161569599,6165.2189498636289,677.58494839400623,2611.6980295578137,1046.7970199117324,0.08080939722639599,572.16914116881776,2278.3997792108453,Ads
Advert/output131013164855.wav,0.74105961457822167,28.693267001196034,2.2177424172700237,4648.5680628746341,906.63962580025805,2406.8308759211054,828.21284108455779,0.10128424647337435,321.27506735894838,2182.6373312064047,Ads
Advert/output131013164905.wav,0.84892743767163981,31.082598338876092,2.6363176258998164,5378.3945992110012,985.09298261971617,2652.7688093993497,884.92433787408231,0.10353539440793991,435.53807275500469,2252.4469946062572,Ads
Advert/output131013164913.wav,0.87800793552327761,31.036516452677041,2.7650580928411288,5462.1231216332226,828.6758662590704,2727.4527562097051,953.17581372783548,0.079869219615928855,434.16513011486353,2216.0892387938866,Ads
Advert/output131013164944.wav,0.83623537211434418,28.819250656511134,2.6190362841172847,7215.3722930693184,823.61580873830951,2638.4397129133736,1032.2607954601845,0.088227081919928022,383.79381590580755,2165.3051288742499,Ads
Advert/output131013165009.wav,0.92611253614519629,22.288469896513138,3.3717319086012338,6287.59031682154,1095.8785342093565,2924.0808253532828,1105.8993443357601,0.093735096700574089,338.0137125006724,2381.2000071996367,Ads
Advert/output131013165017.wav,0.89317026752639994,23.862104604914855,3.1653497618238537,5702.9992983549791,1130.8975809314845,2824.2584379091054,879.52511196227601,0.13108525048074177,215.50056760481738,2348.7182679342732,Ads
Advert/output131013165028.wav,0.77595260417930489,24.13956215861306,2.6766836939435161,5472.386035338287,745.6661733986474,2518.6953248362743,793.21382300175458,0.11928297797956194,360.34926352432797,2154.5015043619264,Ads
Advert/output131013165043.wav,0.79696476964807317,25.072426224839859,2.7588387786693964,7220.5242252017133,895.08410392072335,2849.7137350144703,1377.2815226995206,0.077343319441714478,161.54904359192557,2060.7197191442237,Ads
Advert/output131013165051.wav,0.74255147374724195,23.781941762297041,2.6909602461124162,6328.2923461797973,707.17131656552306,2544.8823798392086,1025.5050129809404,0.053732415895083929,170.04686004067071,1735.4232828055081,Ads
Advert/output131013165058.wav,0.73433024064808627,24.085609198407791,2.6107078299406834,6397.2402529762903,711.42824730290101,2596.4946545707239,1033.3592978083329,0.055169358195122357,293.68394365683383,1775.4637323908566,Ads
Advert/output131013165106.wav,0.74864278916960847,23.814157977923692,2.5391861150192523,6761.6853404892308,803.49117127264026,2787.4422463318697,1236.6578744597182,0.13211411725131136,171.89724325581551,2132.8381990228818,Ads
Advert/output131013165114.wav,0.77905530165011128,21.648821364707395,2.9260094851383309,6911.3166521294834,495.54349666010933,2565.4801045576387,1000.425925177884,0.086517420895404692,202.87871262311677,1873.5242320957275,Ads
Advert/output131013165125.wav,0.7609842451689337,21.525937590151333,2.8052542508486487,6601.0135577978826,804.65266354063942,2741.7046745826988,1176.9005968508704,0.069639360278234932,175.86891420891115,2001.1306869327721,Ads
Advert/output131013165137.wav,0.86858760430235438,23.148819865809909,3.2668971940175018,6743.4743570083756,984.21300472297105,2791.1589761465648,1076.8739484671489,0.10694138115637976,191.01588820906269,2009.8640421992393,Ads
Advert/output131013165147.wav,1.0327987941657739,28.556755417778195,3.752607717384385,5012.8032998363942,1235.4662811247226,2786.8696974444429,762.87724051502767,0.10572046203009325,142.08255341736705,2097.5734359206704,Ads
Advert/output131013165155.wav,0.98835821718365457,31.034081136739388,3.3985201168392138,5103.3973705059479,1130.7638845965455,2790.5779990370174,816.09285717713215,0.073863504993990289,180.70963167929068,2115.1823266014771,Ads
Advert/output131013165226.wav,1.0952984915147868,27.759534142428013,4.0716787912492149,5030.3038496635336,1170.5569483762597,2935.3326301163911,699.05181691921996,0.081358634079189029,229.21280285952491,2210.0771825093393,Ads
Advert/output131013165245.wav,1.0407005742512896,25.056889442340022,3.740308839824932,5903.22066390911,1162.3162204485832,2872.0060867032498,877.64677755379944,0.15409234609413194,355.92734487499183,2650.2749590838139,Ads
Advert/output131013165254.wav,0.96062545725075221,28.333293152091414,3.1746333322714455,6185.1874656180316,1020.3486613194572,3000.3252659129257,984.04937410766911,0.092031473468156155,281.49957424379875,2491.6009984871998,Ads
Advert/output131013165301.wav,0.963126169468423,27.318591817713493,3.3534841337599759,5807.8772053072835,926.10760755145429,2659.8781715536029,824.04909584715688,0.10413251221238229,325.49892766019815,2292.1140921747783,Ads
Advert/output131013165310.wav,0.95902635832756755,22.409950703726199,3.5651317265154643,6854.7414547195121,1285.7410403970148,3116.4594713520155,1253.7915966955475,0.086466235443793629,119.04802262295074,2422.6213133578049,Ads
Advert/output131013165317.wav,1.0491535949064996,22.001035878867675,3.996784943763541,6334.122315654241,656.45523795337294,3066.661712124856,1251.5029173574956,0.11906297288188113,94.366392248444328,2538.5067724510718,Ads
Advert/output131013165324.wav,1.4799066612588241,32.404294174109076,5.5777099869352664,6329.2855484303846,1134.1227829904847,3126.6282059246782,1063.7720535212268,0.089720541905396745,104.73103600114209,2428.241643976969,Ads
Advert/output131013165337.wav,1.632021256816155,28.902831423572962,6.2888008407629048,6830.4008461869726,1191.6871759842822,3253.2893300013957,1055.5894178347023,0.086863365963146338,107.12735553517736,2694.4528741453132,Ads
Advert/output131013165345.wav,1.1405810465022945,25.979110480867497,4.3308381518337491,5338.3925540744003,930.93215081482856,2638.4553473772967,699.32372985430516,0.10162785955279872,178.49124100501351,2345.7783206481831,Ads
Advert/output131013165758.wav,1.4322264535303202,48.279759852441074,5.2036511740192948,4916.7914718820939,389.66860519491064,2282.8841483163919,954.55910491176826,0.072936681936478412,196.63346208410951,1475.6558718810786,Ads
Advert/output131013165814.wav,0.54452108774626795,34.425465594341176,1.2517861777060928,4942.2772551643966,359.75713267801564,2196.2582208790354,951.84668838534469,0.02497542440996918,748.83378256427818,695.67848793962867,Ads
Advert/output131013165820.wav,0.70079791740852215,23.386663456971885,2.5370859034054747,6967.2553485837934,488.29154667649243,2461.5598464661221,1222.3430655383777,0.053993239527720747,228.28585251619225,1454.7473827508786,Ads
Advert/output131013165851.wav,0.80006104645633469,43.874417523162954,2.188176109573936,5587.9909640943515,432.37880094635688,2147.8322738241986,971.74037093132779,0.018309515694283861,330.20128240764353,759.52225811127903,Ads
Advert/output131013165901.wav,0.64564511091926102,40.056571295778987,1.4996361620773779,4773.4860836394837,447.70760070292926,2141.9034121995037,927.36738907322911,0.035464291348237385,584.02190243930409,791.06978836933183,Ads
Advert/output131013165921.wav,0.59395852064433652,31.825099675315244,1.6440681950293448,5109.982513074402,351.30457617234424,2120.1389104495133,841.8337609691614,0.033365126564116714,143.74859808237886,772.40976733505659,Ads
Advert/output131013170109.wav,1.7082661293686032,54.022511558546896,6.0277372312699331,5746.6075717567101,610.52092746809365,2921.0701527238302,1174.7568582543804,0.076512783727820735,134.15254013334936,2165.6799310424303,Ads
Advert/output131013170127.wav,1.769961316708744,52.297683700947985,6.2437696016613025,5608.5041813733924,700.09059802191155,2751.3151051771069,1059.0858570435535,0.092906108197948672,149.34203438314117,2247.499447431966,Ads
Advert/output131013170134.wav,1.6636903787999873,46.348408611869395,6.0537462185767801,5232.268142112689,1007.9334329672001,2743.6478295569304,850.04190774680592,0.056304198318438976,116.13588750978793,2123.3517301771212,Ads
Advert/output131013170141.wav,1.5225099605581869,39.89681907582009,5.4411728102560382,5794.9909106219575,1037.2749252185197,3030.9926577587321,1003.8046703783588,0.11634831706939935,108.14358517295302,2452.1661492199637,Ads
Advert/output131013170155.wav,1.9699571714654549,54.366266832961315,7.3128432796158318,5171.5270765507648,1007.9695019207554,2660.6506428693078,808.96480420515877,0.065884631641025274,142.21450607773258,2135.8357417228158,Ads
Advert/output131013170204.wav,2.0299291335817635,57.395524890363163,7.3264417820773229,4951.844786985127,1131.5149203714154,2643.5748244938477,779.02958830886791,0.11395629175043605,148.83212101881838,2260.9856919693248,Ads
Advert/output131013170242.wav,1.900732194794178,52.22494066246513,7.0019388079727269,7143.5096604098544,1023.9422361182226,2741.0700881871649,892.97152317929397,0.066706667388578611,137.60150181023241,2128.4650058470193,Ads
Advert/output131013170250.wav,2.0914051420149153,65.070972979910621,7.4177722542895763,4599.2909044080234,658.54812736158669,2593.8658153745919,823.45683273412828,0.097083572810640159,347.46804949475398,1960.373027996505,Ads
Advert/output131013170309.wav,1.8776274048781267,54.48096854129971,6.9407559202847589,5353.3192163316089,655.2427763312844,2471.0700843644763,780.9743142596617,0.081803667069642094,205.79787686603558,1969.8944234962157,Ads
Advert/output131013170539.wav,1.7764722958714201,52.435457860976371,6.5647921292338038,5866.933282513105,1156.1725359511063,2642.9651059066487,753.0417613537885,0.088302480194879185,145.14437599667295,1889.1720034220855,Ads
Advert/output131013170546.wav,6.4914740624805756,97.528065004122382,18.245018365553815,7288.8772884190566,692.58227222232347,2874.271403232864,1281.242305099373,0.56585339169076077,82.119181017858253,5624.3874127872023,Ads
Advert/output131013170605.wav,1.6614085516389023,31.923894107632965,6.5826336530336587,5792.8944943686201,1194.2809529406811,2887.2326947929905,897.27958262806055,0.11027149863488241,125.45870303049455,2637.2595084366612,Ads
Advert/output131013170620.wav,1.6158989358670259,34.090652305340768,6.3202486725920481,5495.8378259383189,1290.8268756343427,2758.8264365303917,817.06542324911925,0.085715111673048919,138.62862140594692,2473.6103358229138,Ads
Advert/output131013170631.wav,1.6393410067345355,39.041211672800195,6.252249350663309,4888.3311696932042,620.59047126699579,2645.2559324505351,858.36094337618158,0.079635375276772807,142.62512481613692,2418.9208424338735,Ads
Advert/output131013170638.wav,1.5771642837903594,38.441940324355926,5.9466828374927401,5768.2432125313126,602.07050273619939,2622.9302598096933,799.9742530641862,0.094084321165996951,132.99929588986492,2262.8493857744356,Ads
Advert/output131013170656.wav,1.5165368775655861,40.600056691618008,5.2556700007691548,5848.9011712664997,963.66867492978406,2900.6546669495747,917.36657363127608,0.12437291286577688,147.83200510455086,2574.3663129602828,Ads
Advert/output131013170705.wav,1.9175693118182269,43.589447959792388,7.5670658922801914,5033.0956092482866,1285.5296547042324,2783.6006287127966,731.64839082495121,0.099556010808633105,144.15447796975394,2232.348968089384,Ads
Advert/output131013170713.wav,1.9607242025532443,44.280601954948345,7.8967381922973869,5216.4323185161811,1166.5323536743754,2704.0981516016841,626.24533694636727,0.078974705771637024,216.5097548393324,2199.1351146155002,Ads
Advert/output131013170732.wav,1.7735582470681559,55.897611763008001,6.1215642098807042,7017.9865254839515,611.65027038207984,2907.4742316587017,1239.7904818526204,0.092982680007484331,301.6485133160341,2076.8189102551273,Ads
Advert/output131013170741.wav,1.8174198255520948,49.43246187933817,6.856788958165061,7013.6167168167394,858.25862862085103,2690.2869849128438,1182.1181838191287,0.047594488787671432,141.54554965500748,1917.9684712585961,Ads
Advert/output131013170752.wav,1.7315836090022518,49.760897290345433,6.3405823836509931,7394.9098387748063,854.50155658629274,2854.3219652151938,1173.8656225070272,0.087125972922917169,100.7444355804637,2005.7782335720806,Ads
Advert/output131013170806.wav,1.9600974942608282,27.961372626480401,8.5715083719604142,6585.2622470485076,1282.7991303452416,2948.6045584013159,1009.8178963720399,0.10298419468125662,134.75811164945591,2374.2727064362134,Ads
Advert/output131013170817.wav,1.8839049189960786,19.782358911984094,8.7053845544323671,6842.9068415260426,796.81741788566876,2926.8488292944112,933.90188994830839,0.059866416235027434,222.96943618109023,2233.5857424168307,Ads
Advert/output131013170829.wav,1.639738424797927,45.939401816722899,5.7824723466368155,7005.3272415195343,708.4971506353196,3048.0980603194935,1206.5337802955999,0.067851879373396248,207.68560490949656,2556.00899646365,Ads
Advert/output131013170836.wav,1.7046531139514887,49.752482943255842,5.9001510548582843,6654.8090488499374,707.53922133390518,2931.9844710227826,1222.0881848874424,0.087014358444780601,217.82712216650617,2430.1616961166774,Ads
Advert/output131013170854.wav,1.8467178421256758,39.000002680096742,7.3125115123868927,7493.6976794923439,846.12742393061501,3047.7561052147485,1152.8336424375609,0.10224309593243561,97.179972034779908,2302.7082249794657,Ads
Advert/output131013170905.wav,1.7589260531875444,43.861723872948048,6.8200051751424482,5430.1835709044772,749.51147775512845,2679.1183425462159,883.77065358678067,0.070711482911929024,157.47077020181561,2125.6325217359627,Ads
Advert/output131013170914.wav,1.9903467210309149,48.980883698915882,7.6990536604796853,5376.8177699169446,783.94431722606032,2556.765443833171,863.27596898824152,0.068026478397466311,108.75284624418548,2215.1329334214315,Ads
Advert/output131013170930.wav,1.9751712902298126,53.534573218035412,7.4288646122516093,8302.5482298919414,1064.0815829993035,2745.7498358209532,1212.1607953674322,0.09480001106823982,189.93589504779968,2033.751493332599,Ads
Advert/output131013170937.wav,1.8231253007191925,52.180569511486752,6.5654973984659408,8297.169836806881,490.28595893660497,2957.0175732793618,1466.4120398580314,0.089302892692874808,118.85006822557983,2079.2262410533463,Ads
Advert/output131013170945.wav,1.8747480008491142,45.633510440819975,7.2154754205223215,6664.1599209724536,776.43088615741237,2817.7460037248989,919.09454441232344,0.085678516535130159,106.20688226792296,2347.623331252018,Ads
Advert/output131013170951.wav,1.5551717962510843,42.867765596888688,5.7143695449617464,6845.1138270820966,749.9818151759622,2673.1222616765508,976.33220823269448,0.10275666867932907,173.80564050493632,2168.133337028215,Ads
Advert/output131013171003.wav,1.8453775718323131,38.743258544007631,7.2127069319033073,7584.7387613798246,1223.092125452011,2915.9876171805558,1020.774065290575,0.076890476816056166,112.21594466324846,2423.6741237150954,Ads
Advert/output131013171138.wav,1.6289634044842864,51.188997766237755,5.5802285998524477,8705.242797293884,1081.1413404555162,3017.8548993473087,1207.2523138319657,0.076927732520842007,193.01903404576839,2142.8919684548919,Ads
Advert/output131013171147.wav,1.9356155386432503,51.504070373033741,6.8582943723157701,7250.7210984215862,978.13785656727794,3308.7193499437253,1220.9500062132017,0.10341019632449613,189.04396182730648,2580.6660314974779,Ads
Advert/output131013171210.wav,1.873395832806523,53.926583410986183,6.4462039044072572,6395.1870788709184,942.43576792996896,3060.8595287323301,1090.4166378410885,0.131982921182343,463.6969878596484,2512.6002826798817,Ads
Advert/output131013171231.wav,1.4615326172347691,37.706117841377321,4.8668981718716076,8458.2978325314343,1270.1493381464738,3514.0558419438757,1102.1800218785768,0.15306808489503321,319.76623297326216,3103.6143161326941,Ads
Advert/output131013171239.wav,1.2751555228191689,29.014657462830407,4.7296140997121245,6865.6828205420343,1120.1324555097046,3037.7485894357305,1006.9004179438208,0.11028599253855813,231.43926647529392,2642.330696712791,Ads
Advert/output131013171312.wav,1.2998276221602572,22.881211382874767,5.2100773307445989,7565.1367695907647,882.95559555818579,2965.5423823820038,1355.7847841038379,0.11510236214370875,119.16013893146911,2612.7825843823834,Ads
Advert/output131013171333.wav,1.0078559813854322,19.129432714975735,3.9276923003518283,7962.0340434675227,919.79015071261949,2890.8105730956931,1041.486067639529,0.085242891056472481,103.38369911393013,2847.299493454057,Ads
Advert/output131013171343.wav,1.2370871245853214,22.63141584209859,4.6501536402882975,6186.7411894201296,1503.4112558447662,3495.7289879107907,1002.5096137174537,0.14035975341642756,211.04774793592676,3278.7547509541441,Ads
Advert/output131013171354.wav,1.2500771680499878,22.089523722923651,4.7760569474850065,6452.5260318149603,1235.5302464049648,3336.3633725017307,976.59403225518986,0.1803088658689993,118.06747476038947,3134.5699938332191,Ads
Advert/output131106220012.wav,0.18188512768804529,4.972342159613075,0.73956226900872668,4321.0767581715063,764.05752222027365,2174.6911246359778,804.82081855413173,0.046547014919029947,71.31338852864944,1034.5624636563014,Ads
Advert/output131106220017.wav,0.15078528155254292,3.4523024158864151,0.65434913104025605,6157.904462450625,843.40412830468199,2606.60222163666,1218.3484741993932,0.037914167837605851,60.29874981287368,978.45545365250689,Ads
Advert/output131106220232.wav,0.089235420321847031,2.8457139619023279,0.30575231033107159,5711.8559285124311,609.16780432719793,3136.7673397196559,1317.4345935048868,0.1425555641218362,210.74319165989712,2064.7459672502246,Ads
Advert/output131106220238.wav,0.088109466623734325,2.1105985029016265,0.34304928329698553,6049.8485449481786,918.51378142254691,2419.3235336462903,783.52748592106127,0.12997944600348782,241.82685374454866,2056.1315048477859,Ads
Advert/output131106220343.wav,0.14726917866657369,2.3515519397649722,0.66829119514600632,5012.522841250041,922.11342009369889,2415.7087510065617,810.58369035382304,0.073334091455732248,59.939300802090202,1491.8507613428415,Ads
Advert/output131106220410.wav,0.13255089913875939,2.9777766554891789,0.55373852223915898,6460.0355227585878,737.7952596686041,2412.1909700984388,932.01478563104331,0.090200617739705516,86.797524437290249,1444.8887914288998,Ads
Advert/output131106221029.wav,0.077873754476811635,1.4537515314999725,0.3116235866034518,6786.0435401006425,1044.0002650855427,3000.722601753017,1044.081954320493,0.1327869637263436,371.22570650982942,2300.8506038276091,Ads
Advert/output131106221424.wav,0.062537857130649771,1.9218775845265579,0.20998725808011667,5539.3180979262697,759.03530393854101,2871.4762425039185,1285.9555039676491,0.16271225083337404,134.58270163082361,2191.2016223894634,Ads
Advert/output131106221447.wav,0.11521431447529734,2.8547620184835014,0.41474601341247297,6318.9876615869316,1123.8205861176507,2471.9584397257859,943.02641067933757,0.13938910027198337,136.08594173938633,2264.6946879048423,Ads
Advert/output131106221452.wav,0.073272085339206469,1.462597158442815,0.27493256707583064,5688.4829209836298,1043.3232560284475,2321.4179082389087,659.02198909141259,0.17220065733654658,389.18885315336638,2681.9797184568188,Ads
Advert/output131106221511.wav,0.09938106448028744,2.5112288353644248,0.35812884205557716,5694.334564394775,1011.130918856757,2734.2398426643231,1095.388657799956,0.13579302411687674,140.23352772080202,2401.56831530521,Ads
Advert/output131106221517.wav,0.16608421353974934,3.9452640573487927,0.61764745845978075,5420.5658901322267,888.56521462272678,2688.3089575091581,880.36098251588419,0.16018372601126007,169.48068830551128,2482.0723104822728,Ads
Advert/output131106221540.wav,0.10936324566525676,2.9592896082618894,0.43282311190362155,4031.2846741421931,697.48893132344949,2211.6058935994156,713.83230975240542,0.07776973590570932,106.93712486708895,1297.9202680726153,Ads
Advert/output131106221600.wav,0.1114299297232374,3.8218804409934024,0.37728431273423763,4458.6972735151739,696.53868592846584,2267.978298912376,832.81085368695233,0.11582047290158795,241.70161922558205,1680.164347228407,Ads
Advert/output131106221621.wav,0.10979997221093897,3.7822451066449823,0.38185785897567859,4591.6260454802559,715.33574328048144,2184.8848953689358,782.91203571711173,0.09510367513572697,155.6716495387322,1495.2075646872299,Ads
Advert/output131106221627.wav,0.10326440587329468,3.3758990773836182,0.38120320680243192,4939.5335950650087,862.22388758363252,2254.306742779987,712.3052906567973,0.085864162461960519,124.25557208007714,1255.9335624513467,Ads
Advert/output131106221644.wav,0.061800245238261671,1.9891724460954157,0.20785993558172933,5130.4128716276555,803.64225668286019,2433.3837222264601,758.18290498974443,0.1428461744764413,2683.3713041784495,1968.6747381833488,Ads
Advert/output131106221727.wav,0.20999564991562122,2.8240145101914735,0.7973069508337981,7423.6284649963782,1150.4973653509867,3386.1428279484312,1395.0024331703328,0.16057697296133497,126.60310141075763,3614.0745694426068,Ads
Advert/output131106221733.wav,0.20614225546244921,2.6177472643807205,0.79476342294807667,6413.9392094422456,1062.3035091438785,3259.7789086202656,1136.5070941887088,0.20947054573454113,75.835061487161838,3584.1278331590256,Ads
Advert/output131106221755.wav,0.14391349262944442,3.0000754633631161,0.58819839563778109,7449.6940809962434,932.71276933787351,2780.1276859011837,1220.420455043107,0.07944127748470238,113.13119422084328,2181.1547235046105,Ads
Advert/output131106221800.wav,0.16075138161309555,2.9338936352126952,0.67439264756484896,7206.7079117061585,874.3699605655579,2870.4240977335944,1120.2776665580018,0.079974356758808526,157.31210664085194,2360.1186967429139,Ads
Advert/output131106221820.wav,0.14818796112725274,3.5345828596111275,0.56176844644130941,6865.5143998545018,1016.4863853018603,2839.3400483093055,1149.8185333307958,0.11830665020377952,129.13629513704939,2468.0433762797329,Ads
Advert/output131106221826.wav,0.15142629429000556,2.9951300477719842,0.61950020813976059,6289.6973752510166,1014.1103590252451,2722.5970346056706,1070.01525281318,0.097667684881649092,89.154392798523119,2392.13963353087,Ads
Advert/output131106221849.wav,0.16174304491088468,3.3887354103913205,0.59338576917396957,8964.3710026764184,1030.1281268326463,3472.7190445949641,1896.4175835393755,0.15795668281094363,129.13336343032498,2870.1614971282343,Ads
Advert/output131106221907.wav,0.15854319263771788,2.5856467345526752,0.61850929741311667,7860.8142537925632,1044.5467498041269,3261.6859323693002,1506.1035029773236,0.14508812645195979,83.17381978726209,2912.1443687087467,Ads
Advert/output131106221920.wav,0.13898295819382114,2.5537619612639388,0.52718664155238126,7515.1014269272428,1047.3336580936127,4210.8106679150842,1953.7032853229582,0.16330415721521707,245.37190051637134,2985.3020224039005,Ads
Advert/output131106221959.wav,0.15921274341083538,3.5759603164760643,0.60239798024913804,6931.9520596841412,807.64156154751981,2831.4447660405981,1296.5470451373174,0.12474349188238908,123.00666113814184,2520.2991571671719,Ads
Advert/output131106222039.wav,0.13007212759970133,2.9459023093150973,0.52811191959143966,5165.9156256558972,1026.5859716438167,2788.4860845458666,968.50281252504135,0.095389389987488096,169.95499405752423,2138.59103466644,Ads
Advert/output131106222529.wav,0.13067120233496796,2.5377322117459893,0.52598679514675983,6074.8006869490418,940.79713026390186,2736.399378829622,997.571911913858,0.11439452837918115,104.5546100043359,2424.1177231709639,Ads
Advert/output131106222551.wav,0.17077360071003136,2.239301339958474,0.68178905125252409,8401.997171684292,1419.8380855255477,3006.0858122332033,1067.1294902069344,0.21261577818619209,54.463028070568299,3234.8434161214273,Ads
Advert/output131106222557.wav,0.1621295419715251,2.4958005223909079,0.67343857775258997,7257.9857723426785,1089.8360556769944,3036.2233013851128,1211.3927771721555,0.10701049300801711,60.208530160762258,2674.7097159853856,Ads
Advert/output131106222629.wav,0.11451087093782349,1.8899346527740768,0.48914589102314282,6049.5964293848774,1052.6013972541309,2909.0519641830424,924.89140107488083,0.11224903595564158,72.814746302194706,2290.0464037465731,Ads
Advert/output131106222635.wav,0.11236311524236392,1.9438017215651249,0.46251552753999231,6330.3808969392785,944.14613517512248,2960.7593641463018,1032.7045464796506,0.10561307156797806,76.708146687708535,2655.4922739128178,Ads
Advert/output131106222702.wav,0.12017185018889774,1.4436543345226993,0.49039206010038472,8224.7276324298364,1236.9905898657137,3258.1973015131748,1233.617404426735,0.19910538119523857,54.639866246813177,3106.5970054668887,Ads
Advert/output131106222907.wav,0.066843682301101562,2.0661515255284417,0.25547370939535863,7834.388576787921,815.19541598231842,3691.0697529408035,1786.2288101830827,0.069089508072724015,157.47765624455289,1308.2911019670137,Ads
Advert/output131106223114.wav,0.20384544360316734,5.8455490495325737,0.79772067684523829,6700.59556759513,648.3146717763683,2416.4828052598473,1154.1769444443303,0.057600853849215095,112.18001309793831,1277.9618623640665,Ads
Advert/output131106223402.wav,0.10011540607805573,2.7213376075248519,0.34323977684842438,6807.0585235365925,993.46974749217077,2890.2032079764326,1382.2872272682182,0.1351796920408167,135.15470245936226,2443.1545041349427,Ads
Advert/output131106223423.wav,0.094368393009781712,2.7317955683732258,0.33904294606478386,8900.2981220833717,832.01274149168,2770.4060624416643,1305.1121901020908,0.11175602194432289,140.18224608413118,2016.2957671359559,Ads
Advert/output131106223633.wav,0.095138235814753475,2.349846643284891,0.3685639738433874,5682.6744952693189,1021.7240849758558,2726.5988171500835,1056.2165940938676,0.13266340401583893,103.4453581034052,2041.7501540068035,Ads
Advert/output131106223706.wav,0.090942204129187965,2.312657531175486,0.3347778431217191,6927.8281567878212,855.42777686256204,3131.0875517139716,1316.1063671022766,0.12180827934244262,177.25784238885808,2197.3644918338105,Ads
Advert/output131107074958.wav,0.40935335415195745,9.1650444469602519,1.6070944901842121,4221.6802152196042,1419.2105984903221,2595.6103597429396,582.11864902300658,0.10133080686344857,79.583593330317214,2336.6673587438154,Ads
Advert/output131107075008.wav,0.46310412541513074,13.813889163974869,1.5974848750340513,5856.5147579393006,806.64690415058408,2823.6795110527296,985.35770150898509,0.089428830291452571,102.94496923512359,2283.7728156888788,Ads
Advert/output131107075020.wav,0.50752160580038086,12.818350394726888,1.816276961294202,7594.0111227973466,937.10753217078388,2699.5350404733331,1035.8188426501486,0.16831804679981177,123.973266997998,2469.8512619607018,Ads
Advert/output131107075029.wav,0.45287807547479814,8.737085189051049,1.7732162594306715,6503.079674972998,1054.5496747652901,2664.6010634475369,844.75933471485712,0.14342794372315965,64.206034029622785,2639.3734170767739,Ads
Advert/output131107075037.wav,1.0124373515626968,21.893889331000036,3.8642314311021035,7423.6049216878737,730.34640922256892,2678.6992688191222,1002.2903897314687,0.14595976802076499,110.27655271265407,2480.1551462364173,Ads
Advert/output131107075043.wav,1.2493312265270831,19.084285851543736,5.2313353522359591,5526.0923400449283,1497.5776160397936,2887.0070467513419,926.58556789244903,0.13136638677221404,59.855131104016749,2542.5340435553398,Ads
Advert/output131107075053.wav,1.2530354942431432,19.907010580487899,5.0518422549750426,5808.213085580458,1311.8792905163123,3076.3954087066622,950.26117956128746,0.1170627021156668,79.747676206294102,2774.5293225192822,Ads
Advert/output131107075059.wav,1.4164490860801808,24.668571781453821,5.2886507853761344,6712.2512358952436,888.69283989500843,3167.424655094525,1102.1871207454046,0.18627438408566435,130.6868459882123,3248.4289482944237,Ads
Advert/output131107075106.wav,1.3067920549882797,25.633057908258539,4.9068420897565987,5796.8392954542378,1222.5626024985104,3194.8209682554798,1196.7975840944591,0.12458950104779798,95.379127322894533,2999.3097656878913,Ads
Advert/output131107075111.wav,1.2266089354712622,27.251408505730382,4.6921840164881088,5938.3207792860012,1096.0400914410113,2720.7774074277054,993.83104085788625,0.099632180476437848,126.33792786485205,2524.3700453678671,Ads
Advert/output131107075117.wav,1.2795110837612589,32.426128021138695,5.2224678104861164,4064.7240193361854,952.63946138407346,2357.1107857910333,658.8422266893358,0.053233234528554899,148.20172230574815,1605.5785853272921,Ads
Advert/output131107075123.wav,2.0783427631844309,41.214736565591302,8.1398921350853808,4794.1719434514553,1021.518912293395,2495.5325780996664,705.48048974075232,0.12730645622295059,151.87042873697538,2615.8821867385964,Ads
Advert/output131107075128.wav,1.5088180448005282,37.05179588502866,6.1935682009304101,4787.3073906173677,830.85512143498636,2419.2483122916665,648.91912483307885,0.052928481380648602,121.17524839911115,1617.3741095529406,Ads
Advert/output131107075133.wav,1.408290150606776,28.226949850861832,5.8601202528347605,5803.7682288525675,1104.9700466783154,2828.3415971216359,1037.9221814469588,0.083069227643036259,120.80387620087599,2078.7350414428356,Ads
Advert/output131107075201.wav,1.8517595426399811,59.482218951866301,5.9406172816775253,7933.3286903716207,712.40239152349523,3374.0812251030197,1684.2440736637877,0.13392383673837038,310.83353523360927,2479.8705864224444,Ads
Advert/output131107075207.wav,1.9092669285915949,46.361890950326838,6.7675291095654551,6321.168902463306,764.68080302025066,3178.402977919885,957.53206007309279,0.1537316424997239,164.04052732043849,2760.360100237971,Ads
Advert/output131107075213.wav,1.6150494137744078,45.7872011407838,5.5071429522020878,6432.8201077055019,937.65734007432718,3051.0928577806112,1266.7703889668389,0.10331450281352994,198.89834550552706,2543.0519410031452,Ads
Advert/output131107075219.wav,1.6736360217732245,37.498332401339844,6.0956139717137727,8024.0131197836081,1014.8496340746709,3083.7427736697687,1277.8145501055578,0.14208870915281907,173.23787664765962,2728.9264945541772,Ads
Advert/output131107075224.wav,1.4861259837217464,41.293890539032525,5.2425281404101671,8004.6764940287767,1120.5677981793413,2944.1166060945093,1124.8159442127087,0.14913433590103325,194.70757409039607,2401.9872513623336,Ads
Advert/output131107075231.wav,1.4947459403089676,27.980980672181161,5.9433946471013197,7415.4216092265242,1382.8637789232739,2917.4695325445864,975.42499338986454,0.12936481114697077,134.91330749201359,2604.2074522469902,Ads
Advert/output131107075237.wav,1.66236473256665,23.269956162074884,6.6481531397912059,7606.4267774417185,1569.0771518928664,3512.0202709332602,1197.0414654153692,0.11030521584605846,58.322174122430667,2945.6836713076736,Ads
Advert/output131107075243.wav,1.3288816760327087,11.683411019869396,5.515126525044816,6383.9160892869986,1086.287559286779,3142.6641439030109,1159.4535653486507,0.16702664559789351,668.42905291836882,3172.5856485330014,Ads
Advert/output131107075248.wav,0.85293965517792369,7.7723792315759486,3.8116643162774424,5190.0394441681374,1032.9045658938783,2688.3399279999285,798.65156156182684,0.13823420480233528,2841.845594302416,2608.9551528420739,Ads
Advert/output131107075253.wav,1.6046906433334152,39.499167148167174,5.5755399197480129,9197.4576206637666,769.99840180003787,2825.5040821225307,1145.1927223377872,0.15349609223268804,866.92794236481291,2727.8304147175832,Ads
Advert/output131107075531.wav,1.0758073802941548,24.862565394362246,4.179616290731313,5460.1594688148789,852.79881391750382,2679.9053582825522,887.94056863896026,0.10015132441153068,87.205359912289623,2227.2513690452888,Ads
Advert/output131107075536.wav,1.2353943383692885,29.355907409248296,4.73447778495518,5808.7673880070179,916.68400209318645,2832.6341528470643,915.34663992671233,0.11387141321542195,102.25240541316839,2243.6754005216571,Ads
Advert/output131107075543.wav,1.2431576567445906,27.056988752574455,4.9252178724924276,5436.7963408901769,984.87365175776961,2826.7273584820991,883.33947757807891,0.0700079019685724,112.31491077638579,2230.9238175656774,Ads
Advert/output131107075549.wav,1.1757261913398989,32.027620030605789,4.2302181417887832,6405.6898088244307,842.67574728541501,2781.0039091759822,1168.2354412263012,0.13827822555899633,203.61201592479537,2332.7342172718577,Ads
Advert/output131107075556.wav,0.66379810279501095,17.088162091530034,2.4549928021305436,4062.2524860606218,877.99674331656968,2518.8954972779961,601.15865618272528,0.11799080623079761,1244.3166930928401,2299.4046848955454,Ads
Advert/output131107075615.wav,1.1269892713460887,20.939753237936273,4.4019011944800468,6298.4714177850665,648.86602146636903,2916.3590743517575,1323.832264712657,0.083744836260483235,314.13527697405578,2674.7315732319848,Ads
Advert/output131107075620.wav,0.25430816655212501,10.247646126999131,0.87128980058627448,3696.9138206655048,727.63178180802595,1961.9253496810559,738.7796965802205,0.032662261074622376,2500.2646245667647,1046.5669432799837,Ads
Advert/output131107075650.wav,1.2228536959377836,31.790235548040197,4.5683867559029601,5112.922377856843,729.70616454541357,2680.3981131831242,784.87448212486356,0.086576504526083578,119.27428876230148,2288.8359828554026,Ads
Advert/output131107075656.wav,1.5031791249382636,50.944264163067373,4.7455425009910082,6170.459528264174,960.83473288415644,3001.0449468544402,1045.2244483862303,0.1145184169424663,223.96287118727776,2439.8815270122354,Ads
Advert/output131107075708.wav,1.492880757620352,53.796665279226971,4.6373157353202306,7824.1216510122313,811.70459449539374,2856.97116110874,1083.5090547850803,0.095994790210746125,349.44035433051266,2254.7564560836299,Ads
Advert/output131107075720.wav,1.3920701111111353,41.711146861211247,4.5351944792189558,6741.1017960053132,799.74418308455336,2822.9747043155548,1097.6020157028961,0.16355915795839851,230.13889851707037,2708.2172895850194,Ads
Advert/output131107075727.wav,1.1208026384413952,35.675551410504866,3.6125864114192221,6870.5479819458824,883.03350681825623,3102.1428576225358,1412.3156341087608,0.12825239550029802,248.76868808238706,2599.5665184464901,Ads
Advert/output131107075733.wav,1.0876059694797486,38.671610379210399,3.3303440431302289,9637.7134669166371,788.22907392785305,2874.179733908371,1524.9843915464901,0.12398244431679775,181.07974188095167,2448.9298403740509,Ads
Advert/output131107075739.wav,1.108239041444786,36.748958936760168,3.4405693879361698,7983.3148322324823,611.57870347097798,3033.0567264768838,1535.0573692870478,0.16243307827944697,396.80560959534876,2650.8035433245709,Ads
Advert/output131107075749.wav,1.0764807417490263,39.127665424588365,3.4322016513974898,6343.0560901102772,655.39921445556115,2650.0126812264239,1200.6390189908047,0.11709135440086903,391.40805333747943,2198.0467011066085,Ads
Advert/output131107075801.wav,1.0089614165942342,31.797108639251395,3.2670922889312521,6674.7997179003769,552.01876503653136,2921.8717174368635,1416.6013864338743,0.13947270497873301,224.72524474646673,2577.3161375236305,Ads
Advert/output131107075830.wav,1.1411701210373411,22.138964758029189,4.6968324832090138,4865.3516144661162,745.09973688360014,2808.8243068966713,722.79896811580556,0.085334130807840511,81.250575462298912,2293.4395572647391,Ads
Advert/output131107075838.wav,1.1142713085659026,44.166983926422411,3.7293493865942806,4958.0159130618749,638.90862862092717,2314.3573428511927,941.3749998009896,0.061686464841886675,198.31957071960824,1460.7940473238909,Ads
Advert/output131107075844.wav,1.2657378379400996,48.446458279459947,4.0589216498437208,5941.1723834432287,434.35488343565095,2561.4836692109993,988.06776574217815,0.11561734308978129,245.60630830351519,1927.1422741563276,Ads
Advert/output131107075859.wav,1.1063950105569251,35.20804426261958,3.7127760100283127,7299.7283484384998,776.24411168233905,2826.0426522386156,1166.8785051631514,0.14271269448878532,300.05225880456135,2335.4527930589375,Ads
Advert/output131107075915.wav,1.1862719247633791,33.264598815904712,4.1727889658880004,6802.4824717475367,569.59410713737225,2800.2650740747749,1217.0845714901006,0.13776563069685055,257.09285995813411,2280.15582421108,Ads
Advert/output131107075926.wav,1.2076894118598431,24.225638568512924,4.6964172797057415,7342.1300685343394,1073.3747995813023,2932.8615549489145,1178.1711486103986,0.14608869778655242,142.8454937986927,2432.9496860110248,Ads
Advert/output131107075934.wav,1.1697525707748055,17.157932478952961,4.6895982621656271,7653.1822209996963,945.55150949050346,3515.5609558338442,1414.4488993323776,0.1199955277016076,92.24604664731423,2725.2845666519661,Ads
Advert/output131107080248.wav,1.1607706147454153,37.111932870233197,4.2781274338112354,5485.604716799151,697.31057321583444,2378.0474533339557,932.52319997786674,0.06608811595978839,161.63452862943473,1639.7158758779888,Ads
Advert/output131107080259.wav,1.4364021373116684,43.976820873094205,5.3375973754819048,5110.6241998352652,1043.1035436326902,2525.8190682768777,871.46573561869775,0.073936042009014644,140.3757065380577,1829.8371391243522,Ads
Advert/output131107080305.wav,1.8951063435758542,53.827584768243383,7.2372719042956675,5996.9147416391115,549.14879995337787,2619.4714351859252,1067.4356913283307,0.066442945218180352,105.81285116163173,1844.675525713337,Ads
Advert/output131107080314.wav,2.0039855501025134,49.115333902214431,7.5890014506095165,6066.3057887910772,887.60607913257479,2797.6254582176143,941.3118525946486,0.061185844613036236,116.61678344291089,2338.2398373208293,Ads
Advert/output131107080321.wav,1.727093736345789,43.549882925457197,6.8570802840232412,4739.5125882867578,670.4777366647595,2374.2894385279292,758.62144475391119,0.077427814852617155,133.01556222274979,1880.8841330911746,Ads
Advert/output131107080336.wav,1.6643028949092487,43.239694760962365,6.6538000489087752,4279.4866220897247,879.92533499314391,2277.9718084395213,684.00611216911955,0.07408197002649218,103.55240823747666,1757.9300059868112,Ads
Advert/output131107080351.wav,1.6583108451558497,45.460576218818815,6.4323596801265985,4803.9242837166703,1125.3840253709195,2472.2155494780868,735.17382278241371,0.070442759653895362,143.55781567214626,1842.5342112076312,Ads
Advert/output131107080404.wav,1.994373728608704,48.944246062795045,7.7630216048527911,5147.531810538132,992.1182854807372,2583.2233632807884,763.31832525703874,0.091911376804747397,116.91450907443878,2097.1428941831805,Ads
Advert/output131107080415.wav,2.0669605920738787,51.776391116807595,7.9376736769804586,5868.8589350294624,535.27367369409296,2736.2792024490054,1160.0379084692704,0.091035916016663943,175.57955686245759,2171.348645960456,Ads
Advert/output131107080424.wav,1.7807024441235535,40.359715558629546,7.2101221234128756,4608.1622294453255,950.97420505816308,2562.5133665547414,742.52958343439877,0.084604872009935328,117.49288336534636,1947.9171755216514,Ads
Advert/output131107080431.wav,1.7280090453788444,52.299081162311033,6.3043845970196655,4525.819031109133,966.30409583694495,2572.1090644268629,728.88053256998023,0.093290145996491644,261.7509896661997,1881.6384914165067,Ads
Advert/output131107080437.wav,1.677512387884214,37.966276714016956,6.6735612654095737,5352.3484734064268,998.6265800403055,2707.2522520257676,821.72773064143701,0.10100849491270111,161.73985043402985,2082.0558641090652,Ads
Advert/output131107080444.wav,1.7384492284992035,36.177269247150484,7.1021461834393884,5414.8962401449444,680.236613274923,2776.3375366095111,872.35609360161106,0.10079069372307684,99.024082472078405,2143.4880359165654,Ads
Advert/output131107080456.wav,1.7866915743385421,50.795539667256392,6.7256040963658066,4869.5914410988335,862.85394015556619,2530.108270000987,694.33495435284885,0.07456484282000074,188.93382260182238,1897.6822650904953,Ads
Advert/output131107080509.wav,1.52152189805142,31.157989691217857,6.0229939947293456,4985.8012467441113,1299.4341271610731,2775.0430668598065,865.11822848967756,0.096802696218308837,99.043775902497103,2452.1857488994988,Ads
Advert/output131107080527.wav,1.6603797814323653,55.594647029338688,5.5506541055633951,6278.0739200899561,942.80788943466086,2836.0713932583849,1078.4478784571506,0.07333547378283807,287.47093417385304,2121.1369177218044,Ads
Advert/output131107080540.wav,1.5301777410530681,49.287986295819195,5.250182004617221,5994.3084733297319,1069.4986817173522,2761.6900732596237,953.69927523990452,0.11261812651265907,221.43520226010727,2051.6898509260554,Ads
Advert/output131107080553.wav,1.5411232552804557,48.394251867583762,5.6831310405616291,5775.1716859421385,654.95538214529154,2400.0544144988789,971.63400600762543,0.073332882562527027,136.91631927400439,1695.6161517617502,Ads
Advert/output131107080602.wav,1.6224462979293497,46.180729224498961,5.9578682868992914,6777.7700356059977,876.79516771098201,2619.0377061553309,1105.4753613004964,0.11349825412604755,103.03547744748127,1949.0854611649675,Ads
Advert/output131107080615.wav,1.6386939772608413,54.115231625207159,5.4777661352048366,6020.7942237631842,738.07908476112505,2703.9280165053156,1162.2441561408107,0.11273112785141598,377.68476532194262,2134.5396533908515,Ads
Advert/output131107080626.wav,1.6304774708077745,59.190165743949414,5.1611856924680097,6707.5138955624643,755.9076128113586,2768.7716192504954,1220.3630908139382,0.062872837234525525,222.54442170575106,2094.9326543742623,Ads
Advert/output131107080631.wav,1.5211445378193817,52.700721561788669,5.1321911971328191,6014.5090842105474,724.49801100713023,2593.1078839240226,1011.5931317887809,0.078492708691933213,392.15123276851665,1936.8832555655601,Ads
Advert/output131107080638.wav,1.5871032020037441,44.996788638094472,5.5790690772757161,6025.9945875637122,961.8460673559963,3030.0669508083902,1272.5309519675438,0.12567380888372895,263.74258925800524,2387.9909317382721,Ads
Advert/output131107080648.wav,1.7074355850996745,52.163437713363841,6.0113902203730154,5823.9007808341939,703.31915868575459,2638.2828872702357,1136.7400489110682,0.094485635165339657,232.37998815574502,2215.4053049632403,Ads
Advert/output131107080657.wav,1.6200813466122368,40.484289659811289,6.2064938493119834,5833.7622550798988,737.85831559561518,2709.3221116644354,937.36392591837694,0.069358739269121783,136.7500903786283,2244.5724649206572,Ads
